,asset_id,asset_name,backup_asset_id,backup_site_id,backup_asset_name,monitoring_platform,site_id,field_name,address,time_zone,start_date,days_in_month,degradation_profile,degradation_factor,monthly_energy_estimate,daily_energy_estimate,monthly_insolation_estimate,daily_insolation_estimate
0,e43f8f57-f06a-eb11-a812-000d3a1bcdc5,SED - Roof Lease-Lorraine Holton LLC,c074a34f-e860-eb11-a812-0022481e2916,3864683,SED - Woburn Goodyear School,Locus,3894571,KWHdel,"34 Holton Street, Woburn, MA 1801",America/New_York,2021-01-21,11,0.5,1.0,3488.6,112.54,56.0,1.81
24,618f67ab-b91b-ec11-b6e6-000d3a1dc938,MA-MEDFORD / MYSTIC AVE.29181,a584c49a-c11b-ec11-b6e6-000d3a1dca0b,3850347,MA-SOMERVILLE / MIDDLESEX AVE.25838,Locus,3933426,KWHdel,"327 Mystic Ave,  Medford, MA 2155",America/New_York,2022-03-07,25,0.5,1.0,10296.0,332.13,116.6,3.76
34,0c37d072-c11b-ec11-b6e6-000d3a1dca0b,MA-RANDOLPH / NORTH ST & OAK ST.25763,618f67ab-b91b-ec11-b6e6-000d3a1dc938,3933426,MA-MEDFORD / MYSTIC AVE.29181,Locus,3888383,KWHdel,"805 North St,  Randolph, MA 02368",America/New_York,2022-03-07,25,0.5,1.0,18646.0,601.48,117.2,3.78
44,a584c49a-c11b-ec11-b6e6-000d3a1dca0b,MA-SOMERVILLE / MIDDLESEX AVE.25838,0c37d072-c11b-ec11-b6e6-000d3a1dca0b,3888383,MA-RANDOLPH / NORTH ST & OAK ST.25763,Locus,3850347,KWHdel,"50 Middlesex Ave,  Somerville, MA 2145",America/New_York,2022-03-07,25,0.5,1.0,9496.0,306.32,118.7,3.83
54,64fed549-c31b-ec11-b6e6-000d3a1dca0b,CA - Van Nuys - Sepulveda-A.00102,38cf9d63-34e9-ea11-a817-000d3a8c8077,3833902,CA - Spring Valley - Sweetwater Rd.27262,Locus,3888881,KWHdel,"15350 Oxnard Street,  Van Nuys, CA 91411",America/Los_Angeles,2022-03-07,25,0.5,1.0,23826.0,768.58,153.5,4.95
64,ff32da4f-c31b-ec11-b6e6-000d3a1dca0b,MA-EVERETT / BROADWAY.25834,618f67ab-b91b-ec11-b6e6-000d3a1dc938,3933426,MA-MEDFORD / MYSTIC AVE.29181,Locus,3857563,KWHdel,"140 Broadway,  Everett , MA 2149",America/New_York,2022-03-07,25,0.5,1.0,13190.0,425.48,115.8,3.74
74,7dd677f1-c31b-ec11-b6e6-000d3a1dca0b,MA-MALDEN / EASTERN AVE.29183,ff32da4f-c31b-ec11-b6e6-000d3a1dca0b,3857563,MA-EVERETT / BROADWAY.25834,Locus,3857109,KWHdel,"650 Eastern Ave,  Malden , MA 2148",America/New_York,2022-03-07,25,0.5,1.0,13427.0,433.13,117.2,3.78
84,90d4f70a-c41b-ec11-b6e6-000d3a1dca0b,MA-SALEM / GOODHUE STREET.29192,0c37d072-c11b-ec11-b6e6-000d3a1dca0b,3888383,MA-RANDOLPH / NORTH ST & OAK ST.25763,Locus,3857640,KWHdel,"12 Goodhue Street,  Salem , MA 1970",America/New_York,2022-03-07,25,0.5,1.0,11375.0,366.94,116.0,3.74
94,9951fe33-c41b-ec11-b6e6-000d3a1dca0b,MA-WALTHAM / LEXINGTON STREET.29173,a584c49a-c11b-ec11-b6e6-000d3a1dca0b,3850347,MA-SOMERVILLE / MIDDLESEX AVE.25838,Locus,3850354,KWHdel,"260 Lexington Street,  Waltham , MA 2452",America/New_York,2022-03-07,25,0.5,1.0,3560.0,114.84,111.5,3.6
104,17bf694c-c41b-ec11-b6e6-000d3a1dca0b,MA-WESTFORD / LITTLETON RD.21622,9951fe33-c41b-ec11-b6e6-000d3a1dca0b,3850354,MA-WALTHAM / LEXINGTON STREET.29173,Locus,3857110,KWHdel,"277 Littleton Road,  Westford, MA 1886",America/New_York,2022-03-07,25,0.5,1.0,9008.0,290.58,115.5,3.73
114,43de6c66-c41b-ec11-b6e6-000d3a1dca0b,MA-WESTWOOD / EAST ST.29184,9951fe33-c41b-ec11-b6e6-000d3a1dca0b,3850354,MA-WALTHAM / LEXINGTON STREET.29173,Locus,3850335,KWHdel,"20 East Street,  Westwood , MA 2090",America/New_York,2022-03-07,25,0.5,1.0,5294.0,170.77,112.3,3.62
124,ccec696c-c41b-ec11-b6e6-000d3a1dca0b,MA-REVERE/CHARGER ST(W35427/41427).23427,0c37d072-c11b-ec11-b6e6-000d3a1dca0b,3888383,MA-RANDOLPH / NORTH ST & OAK ST.25763,Locus,3857255,KWHdel,"195 Ward Street,  Revere , MA 2151",America/New_York,2022-03-07,25,0.5,1.0,9744.0,314.32,113.4,3.66
134,68d65479-c41b-ec11-b6e6-000d3a1dca0b,CA - Chatsworth - Topanga Cyn Blvd.20124,2ccf9d63-34e9-ea11-a817-000d3a8c8077,3829702,CA - Berkeley - 2nd St.22322,Locus,3888376,KWHdel,"9350 Topanga Canyon Blvd,  Chatsworth, CA 91311",America/Los_Angeles,2022-03-07,25,0.5,1.0,13262.0,427.81,150.0,4.84
144,4e28c685-c41b-ec11-b6e6-000d3a1dca0b,CA - Canoga Park - Sherman Way.21012,68d65479-c41b-ec11-b6e6-000d3a1dca0b,3888376,CA - Chatsworth - Topanga Cyn Blvd.20124,Locus,3869169,KWHdel,"20140 Sherman Way,  Canoga Park, CA 91306",America/Los_Angeles,2022-03-07,25,0.5,1.0,23550.0,759.68,153.5,4.95
154,49f869b8-c41b-ec11-b6e6-000d3a1dca0b,CA - N Hollywood - Sherman Way.29139,32cf9d63-34e9-ea11-a817-000d3a8c8077,3837068,CA - Newark - Fircrest & Overlake.22329,Locus,3892231,KWHdel,"11620 Sherman Way,  North Hollywood, CA 91605",America/Los_Angeles,2022-03-07,25,0.5,1.0,26755.0,863.06,147.2,4.75
164,4c1c18c9-c41b-ec11-b6e6-000d3a1dca0b,CA - LA - W Pico Blvd.29143,30cf9d63-34e9-ea11-a817-000d3a8c8077,3829690,CA - Irvine - Red Hill Ave.29230,Locus,3870199,KWHdel,"11200 W Pico Blvd,  Los Angeles, CA 90064",America/Los_Angeles,2022-03-07,25,0.5,1.0,26468.0,853.81,149.6,4.83
174,83b3c2e8-c41b-ec11-b6e6-000d3a1dca0b,CA-HOLLYWOOD / HIGHLAND SANTA MONICA.26406,49f869b8-c41b-ec11-b6e6-000d3a1dca0b,3892231,CA - N Hollywood - Sherman Way.29139,Locus,3892888,KWHdel,"6801 Santa Monica Blvd, West Hollywood, CA 90038",America/Los_Angeles,2022-03-07,25,0.5,1.0,17889.0,577.06,168.2,5.43
184,efae1a27-c51b-ec11-b6e6-000d3a1dca0b,CA-W LA / W OLYMPIC BLVD & SAWTELLE.07024,49f869b8-c41b-ec11-b6e6-000d3a1dca0b,3892231,CA - N Hollywood - Sherman Way.29139,Locus,3865840,KWHdel,"11259 W Olympic Blvd, Los Angeles, CA 90064",America/Los_Angeles,2022-02-03,26,0.5,1.0,8813.0,314.75,97.5,3.48
195,05e7a4a4-e51b-ec11-b6e6-000d3a1dca0b,CA - Woodland Hills.08511,efae1a27-c51b-ec11-b6e6-000d3a1dca0b,3865840,CA-W LA / W OLYMPIC BLVD & SAWTELLE.07024,Locus,3888375,KWHdel,"22222 Ventura Blvd,  Woodland Hills, CA 91364",America/Los_Angeles,2022-03-07,25,0.5,1.0,13151.0,424.23,153.1,4.94
205,967324e2-e51b-ec11-b6e6-000d3a1dca0b,CA-W LA / PICO BLVD & PURDUE.24609,efae1a27-c51b-ec11-b6e6-000d3a1dca0b,3865840,CA-W LA / W OLYMPIC BLVD & SAWTELLE.07024,Locus,3872775,KWHdel,"2300 Purdue Ave, Los Angeles, CA 90064",America/Los_Angeles,2021-08-20,12,0.5,1.0,17537.0,565.71,210.1,6.78
222,1a5bef4e-eb08-eb11-a813-000d3a8b659a,Roof Lease-Loiacano-130 Sohier,c3cf9d63-34e9-ea11-a817-000d3a8c8077,3849332,SED - Salem State-Gassett Fitness Center,Locus,3852121,KWHdel,"130 Sohier Rd,  Beverly, MA 01915",America/New_York,2020-09-01,30,0.5,1.0,66598.9,2219.96,127.6,4.25
250,2cd7436a-7f1f-eb11-a813-000d3a8b659a,MA-HYDE PARK (MATTAPAN)/ RIVER ST.27016,5f6e0b78-54f4-ea11-a815-000d3a8c8077,3850337,MA-BRIGHTON / LINCOLN ST.25833,Locus,3850356,KWHdel,"800 River Street,  Hyde Park, MA 2136",America/New_York,2020-11-04,27,0.5,1.0,2645.35,88.18,59.9,2.0
276,68facc32-7124-eb11-a813-000d3a8b659a,MA-WOBURN / WASHINGTON ST.25836,2cd7436a-7f1f-eb11-a813-000d3a8b659a,3850356,MA-HYDE PARK (MATTAPAN)/ RIVER ST.27016,Locus,3850348,KWHdel,"420 Washington St,  Woburn , MA 1801",America/New_York,2020-11-06,25,0.5,1.0,4819.61,160.65,59.9,2.0
302,ad2b4003-9a2e-eb11-a813-000d3a8b659a,Cross Keys Place - CAM,c7cf9d63-34e9-ea11-a817-000d3a8c8077,3848160,Deptford Landing,Locus,3850577,KWHdel,"141 Tuckahoe Rd, Sewell, NJ 8080",America/New_York,2020-09-24,7,1.0,1.0,15050.3,501.68,132.4,4.41
330,b639af99-223e-eb11-a813-000d3a8b659a,Park West Place,c9cf9d63-34e9-ea11-a817-000d3a8c8077,3830859,Gilroy Crossing,Locus,3862333,KWHdel,"10318 Trinity Pkwy, Stockton, CA 95219",America/Los_Angeles,2020-08-22,10,0.5,1.0,71681.3,2312.3,222.1,7.16
359,acbdcff5-d351-eb11-a813-000d3a8b659a,"SED - Roof Lease-Acton Street Assets, LLC.",8dcf9d63-34e9-ea11-a817-000d3a8c8077,3833898,MA- 15 Tech Circle,Locus,3892217,KWHdel,"74 Acton St., Watertown, MA 2472",America/New_York,2020-11-12,19,0.5,1.0,9173.3,305.78,62.2,2.07
385,b8c8e277-b5fd-ea11-a815-000d3a8b659a,SED - Salem State-Berry Library,d4591bc0-b5fd-ea11-a815-000d3a8b659a,3850743,SED - Salem State-Marsh Hall,Locus,3829633,KWHdel,"4 College Drive,  Salem, MA 01970",America/New_York,2020-07-27,5,0.5,1.0,26186.3,844.72,191.9,6.19
415,d4591bc0-b5fd-ea11-a815-000d3a8b659a,SED - Salem State-Marsh Hall,c3cf9d63-34e9-ea11-a817-000d3a8c8077,3849332,SED - Salem State-Gassett Fitness Center,Locus,3850743,KWHdel,"71B Loring Avenue,  Salem, MA 01970",America/New_York,2020-08-12,20,0.5,1.0,13817.39,445.72,167.1,5.39
444,6e09866e-3eed-ea11-a817-000d3a8b659a,Weberstown Mall,b639af99-223e-eb11-a813-000d3a8b659a,3862333,Park West Place,Locus,3864180,KWHdel,"4950 Pacific Ave,  Stockton, CA 95207",America/Los_Angeles,2020-09-02,29,0.5,1.0,193077.42,6435.91,186.3,6.21
472,42a7cabd-8156-eb11-a812-000d3a8bd97d,SED - Roof Lease-Cape Cod Community Media Ctr,9fcf9d63-34e9-ea11-a817-000d3a8c8077,3834348,Roof Lease-Bobcat Development,Locus,3864014,KWHdel,"17 Shad Hole Rd, Dennis Port, MA 2639",America/New_York,2020-11-24,7,0.5,1.0,18216.3,607.21,60.1,2.0
498,5f4adda9-8356-eb11-a812-000d3a8bd97d,SED - Roof Lease-The Judge Rotenberg Edl Ctr,b5cf9d63-34e9-ea11-a817-000d3a8c8077,3829689,SED Roof Lease - PBD Events,Locus,3864015,KWHdel,"250 Turnpike St, Canton, MA 2021",America/New_York,2020-11-18,13,0.5,1.0,9623.5,320.78,61.2,2.04
524,5a7069c6-8556-eb11-a812-000d3a8bd97d,10 Merchant Street,3ecf9d63-34e9-ea11-a817-000d3a8c8077,51989,100 New Boston,PowerTrack,53076,KWHrec,"10 Merchant St, Sharon, MA 02067",America/New_York,2021-02-25,4,0.5,1.0,19180.0,685.0,90.7,3.24
547,57d487c0-8856-eb11-a812-000d3a8bd97d,64 Industrial,3ecf9d63-34e9-ea11-a817-000d3a8c8077,51989,100 New Boston,PowerTrack,53177,KWHrec,"64 Industrial Pkwy, Woburn, MA 01801",America/New_York,2020-12-09,23,0.5,1.0,11000.0,354.84,59.5,1.92
572,bd64dddd-8a56-eb11-a812-000d3a8bd97d,960 Turnpike,3ecf9d63-34e9-ea11-a817-000d3a8c8077,51989,100 New Boston,PowerTrack,51222,KWHrec,"960 Turnpike St, Canton, MA 02021",America/New_York,2020-12-08,24,0.5,1.0,28270.0,911.94,60.0,1.94
597,24138124-0029-eb11-a813-000d3a8bd97d,SED - GFI - 60 Solferino Street Worcester,a3cf9d63-34e9-ea11-a817-000d3a8c8077,3833897,Roof Lease-Grafton-High School,Locus,3829632,KWHdel,"60 Solferino Street,  Worcester, MA 01604",America/New_York,2020-10-28,4,0.5,1.0,61920.4,1997.43,97.8,3.15
624,4b993368-0929-eb11-a813-000d3a8bd97d,SED - Roof Lease-ECI REALTY LLC,a1cf9d63-34e9-ea11-a817-000d3a8c8077,3857112,Roof Lease-Costa Realty LLC,Locus,3864037,KWHdel,"4 Ledgewood Blvd, Dartmouth, MA 2747",America/New_York,2020-10-16,16,0.5,1.0,11171.8,360.38,90.1,2.91
651,a4a7c7f2-1229-eb11-a813-000d3a8bd97d,SED - Roof Lease-Warren & Bigelow Electric,a3cf9d63-34e9-ea11-a817-000d3a8c8077,3833897,Roof Lease-Grafton-High School,Locus,3864013,KWHdel,"1 Pullman St, Worcester, MA 1606",America/New_York,2020-10-08,24,0.5,1.0,17110.5,551.95,99.6,3.21
678,e2e535ff-1529-eb11-a813-000d3a8bd97d,SED - Woburn Joyce Middle School,68facc32-7124-eb11-a813-000d3a8b659a,3850348,MA-WOBURN / WASHINGTON ST.25836,Locus,3864839,KWHdel,"55 Locust St, Woburn, MA 1801",America/New_York,2020-10-06,26,0.5,1.0,27173.98,876.58,99.5,3.21
705,ef11462d-0434-eb11-a813-000d3a8bd97d,SED - 59 Tom Harvey Rd LLC,a1cf9d63-34e9-ea11-a817-000d3a8c8077,3857112,Roof Lease-Costa Realty LLC,Locus,3864187,KWHdel,"59 TOM HARVEY RD.,  WESTERLY, RI 02891",America/New_York,2020-10-16,16,0.5,1.0,13331.59,430.05,98.2,3.17
732,5d6e0b78-54f4-ea11-a815-000d3a8c8077,MA-BOSTON / SOUTHAMPTON STREET.29187,5f6e0b78-54f4-ea11-a815-000d3a8c8077,3850337,MA-BRIGHTON / LINCOLN ST.25833,Locus,3850353,KWHdel,"290 Southampton Street,  Boston , MA 2118",America/New_York,2020-09-19,12,0.5,1.0,8310.55,277.02,127.5,4.25
760,5f6e0b78-54f4-ea11-a815-000d3a8c8077,MA-BRIGHTON / LINCOLN ST.25833,5d6e0b78-54f4-ea11-a815-000d3a8c8077,3850353,MA-BOSTON / SOUTHAMPTON STREET.29187,Locus,3850337,KWHdel,"156 Lincoln St,  Brighton , MA 2135",America/New_York,2020-09-19,12,0.5,1.0,10926.51,364.22,127.5,4.25
788,82cd9d63-34e9-ea11-a817-000d3a8c8077,Bridgewater Commons - Deck,11ce9d63-34e9-ea11-a817-000d3a8c8077,3431415,NJ - Watchung.1518,Locus,3535900,KWHdel,"400 Commons Way, Bridgewater, NJ 08807",America/New_York,2013-04-09,22,0.5,1.0,145696.0,4856.53,149.09,4.97
905,84cd9d63-34e9-ea11-a817-000d3a8c8077,Bridgewater Commons - Roof,11ce9d63-34e9-ea11-a817-000d3a8c8077,3431415,NJ - Watchung.1518,Locus,3535900,KWHdel,"400 Commons Way, Bridgewater, NJ 08807",America/New_York,2012-07-24,8,0.5,1.0,42324.0,1365.29,175.23,5.65
1031,86cd9d63-34e9-ea11-a817-000d3a8c8077,Christmas Tree Plaza,b4ce9d63-34e9-ea11-a817-000d3a8c8077,3767662,Brass Mill (Canopy),Locus,3781114,KWHdel,"200 Indian River Road Orange, Orange, CT 6477",America/New_York,2018-08-27,5,0.5,1.0,38418.49,1239.31,161.82,5.22
1084,88cd9d63-34e9-ea11-a817-000d3a8c8077,Big Y Shopping Center,8ecd9d63-34e9-ea11-a817-000d3a8c8077,3508078,CT - La Quinta,Locus,3768839,KWHdel,"83 Stony Hill Rd,  Bethel, CT 6801",America/New_York,2018-06-04,27,0.5,1.0,10401.17,346.71,184.9,6.16
1139,8acd9d63-34e9-ea11-a817-000d3a8c8077,New London Mall Phase I,b9cd9d63-34e9-ea11-a817-000d3a8c8077,3678856,CT - Groton - Gold Star Hwy.1079,Locus,3783068,KWHdel,"351 N. Frontage Rd.,  New London, CT 6320",America/New_York,2019-05-08,24,0.5,1.0,82825.0,2671.77,173.02,5.58
1183,8ccd9d63-34e9-ea11-a817-000d3a8c8077,Washington Center Shoppes,1ccf9d63-34e9-ea11-a817-000d3a8c8077,3770517,NJ - Deptford Mall (roof),Locus,3768837,KWHdel,"415 Egg Harbor Rd., , NJ 8080",America/New_York,2018-06-30,1,0.5,1.0,25114.0,837.13,188.9,6.3
1238,8ecd9d63-34e9-ea11-a817-000d3a8c8077,CT - La Quinta,88cd9d63-34e9-ea11-a817-000d3a8c8077,3768839,Big Y Shopping Center,Locus,3508078,KWHdel,"116 Newtown Rd,  Danbury, CT 6810",America/New_York,2015-10-30,2,0.5,1.0,8775.0,283.06,123.7,3.99
1325,90cd9d63-34e9-ea11-a817-000d3a8c8077,CT - Watertown,b6ce9d63-34e9-ea11-a817-000d3a8c8077,3560866,Brass Mill Center,Locus,3508096,KWHdel,"150 Callender Rd,  Watertown, CT 6795",America/New_York,2015-09-23,8,0.5,1.0,93420.0,3114.0,130.9,4.36
1413,9fcd9d63-34e9-ea11-a817-000d3a8c8077,NY - 333 Phase II,a9cd9d63-34e9-ea11-a817-000d3a8c8077,3512254,NY - 50 Broadway,Locus,3666293,KWHdel,"333 N Bedford Rd,  Mount Kisco, NY 10549",America/New_York,2017-12-18,14,0.5,1.0,18395.76,593.41,93.48,3.02
1474,a1cd9d63-34e9-ea11-a817-000d3a8c8077,NY - 444 Saw Mill - CAM,a9cd9d63-34e9-ea11-a817-000d3a8c8077,3512254,NY - 50 Broadway,Locus,3506659,KWHdel,"444 Saw Mill River Rd, Elmsford, NY 10523",America/New_York,2014-12-01,31,0.5,1.0,3636.0,117.29,93.48,3.02
1571,a3cd9d63-34e9-ea11-a817-000d3a8c8077,NY - 444 Saw Mill - Captain Lawrence,a9cd9d63-34e9-ea11-a817-000d3a8c8077,3512254,NY - 50 Broadway,Locus,3506659,KWHdel,"444 Saw Mill River Rd, Elmsford, NY 10523",America/New_York,2014-12-01,31,0.5,1.0,7061.0,227.77,54.7,1.76
1668,a7cd9d63-34e9-ea11-a817-000d3a8c8077,NY - 444 Saw Mill - Safe Haven,a9cd9d63-34e9-ea11-a817-000d3a8c8077,3512254,NY - 50 Broadway,Locus,3506659,KWHdel,"444 Saw Mill River Rd, Elmsford, NY 10523",America/New_York,2014-12-01,31,0.5,1.0,6871.0,221.65,54.7,1.76
1765,a9cd9d63-34e9-ea11-a817-000d3a8c8077,NY - 50 Broadway,a1cd9d63-34e9-ea11-a817-000d3a8c8077,3506659,NY - 444 Saw Mill - CAM,Locus,3512254,KWHdel,"50 Broadway,  Hawthorne, NY 10532",America/New_York,2015-07-01,31,0.5,1.0,14899.0,480.61,191.7,6.18
1855,abcd9d63-34e9-ea11-a817-000d3a8c8077,NY - 75 Virginia,a9cd9d63-34e9-ea11-a817-000d3a8c8077,3512254,NY - 50 Broadway,Locus,3506570,KWHdel,"75 Virginia Rd, North White Plains, NY 10603",America/New_York,2014-10-17,15,0.5,1.0,20936.0,675.35,101.7,3.28
1954,afcd9d63-34e9-ea11-a817-000d3a8c8077,CA - Bermuda Dunes - Country Club Dr.8339,b3cd9d63-34e9-ea11-a817-000d3a8c8077,3819457,CA - Sunland - Foothill Blvd.1565,Locus,3793478,KWHdel,"78265 Country Club Dr,  Bermuda Dunes, CA 92203",America/Los_Angeles,2018-11-07,24,1.0,1.0,11716.13,390.54,107.1,3.57
2004,b1cd9d63-34e9-ea11-a817-000d3a8c8077,CA - Glendale - 6527 San Fernando Rd.1602,d2ce9d63-34e9-ea11-a817-000d3a8c8077,3582909,Northridge Fashion Center (Deck),Locus,3799063,KWHdel,"6527 San Fernando Rd,  Glendale, CA 91201",America/Los_Angeles,2018-12-27,5,1.0,1.0,6310.43,203.56,97.6,3.15
2053,b3cd9d63-34e9-ea11-a817-000d3a8c8077,CA - Sunland - Foothill Blvd.1565,b1cd9d63-34e9-ea11-a817-000d3a8c8077,3799063,CA - Glendale - 6527 San Fernando Rd.1602,Locus,3819457,KWHdel,"8250 Foothill Blvd,  Sunland, CA 91040",America/Los_Angeles,2019-07-10,22,1.0,1.0,20313.92,655.29,226.4,7.3
2095,b5cd9d63-34e9-ea11-a817-000d3a8c8077,CT - Bridgeport - State Street Ext.1588,86cd9d63-34e9-ea11-a817-000d3a8c8077,3781114,Christmas Tree Plaza,Locus,3686788,KWHdel,"2101 State Street Ext,  Bridgeport, CT 6605",America/New_York,2017-08-18,14,1.0,1.0,10482.0,338.13,225.2,7.26
2160,b7cd9d63-34e9-ea11-a817-000d3a8c8077,CT - Brookfield.0568,8ecd9d63-34e9-ea11-a817-000d3a8c8077,3508078,CT - La Quinta,Locus,3431410,KWHdel,"578 Federal Rd, Brookfield, CT 06804",America/New_York,2014-12-29,3,1.0,1.0,1585.0,51.13,108.23,3.49
2257,b9cd9d63-34e9-ea11-a817-000d3a8c8077,CT - Groton - Gold Star Hwy.1079,8acd9d63-34e9-ea11-a817-000d3a8c8077,3783068,New London Mall Phase I,Locus,3678856,KWHdel,"215 Gold Star Hwy,  Groton, CT 6340",America/New_York,2017-06-29,2,1.0,1.0,5534.0,184.47,218.3,7.28
2324,bbcd9d63-34e9-ea11-a817-000d3a8c8077,CT - Newington.1553,c1cd9d63-34e9-ea11-a817-000d3a8c8077,3431412,CT - Wethersfield.1097,Locus,3431411,KWHdel,"184 Fenn Rd, Newington, CT 06111",America/New_York,2015-02-26,3,1.0,1.0,4008.0,143.14,82.18,2.94
2419,bdcd9d63-34e9-ea11-a817-000d3a8c8077,CT - Rocky Hill - Cromwell Ave.0269,bfcd9d63-34e9-ea11-a817-000d3a8c8077,3740362,CT - Wethersfield - Olesen Rd.0110,Locus,3784471,KWHdel,"1156 Cromwell Ave,  Rocky Hill, CT 6067",America/New_York,2018-10-19,13,1.0,1.0,3316.54,106.99,98.0,3.16
2470,c3cd9d63-34e9-ea11-a817-000d3a8c8077,DC - Washington - Blair Rd NW.0662,edcd9d63-34e9-ea11-a817-000d3a8c8077,3745582,MD - Bethesda - River Rd.0552,Locus,3671359,KWHdel,"6011 Blair Rd NW,  Washington, DC 20011",America/New_York,2017-08-31,1,1.0,1.0,33413.93,1077.87,157.2,5.07
2535,c5cd9d63-34e9-ea11-a817-000d3a8c8077,FL - Apopka - Park Ave.1633,b0ce9d63-34e9-ea11-a817-000d3a8c8077,3586452,Altamonte Mall,Locus,3792399,KWHdel,"831 N Park Ave,  Apopka, FL 32712",America/New_York,2018-11-20,11,1.0,1.0,12308.59,410.29,117.11,3.9
2585,c9cd9d63-34e9-ea11-a817-000d3a8c8077,FL - Hialeah - W 84th St.1403,c7cd9d63-34e9-ea11-a817-000d3a8c8077,3815042,FL - Hialeah - E 65th St.1409,Locus,3793126,KWHdel,"2990 W 84th St,  Hialeah, FL 33018",America/New_York,2019-06-03,28,1.0,1.0,20106.5,670.22,227.01,7.57
2628,cbcd9d63-34e9-ea11-a817-000d3a8c8077,FL - Lakeland - Harden Blvd.1493,cdcd9d63-34e9-ea11-a817-000d3a8c8077,3744325,FL - Lakeland - S Florida Ave.1494,Locus,3745054,KWHdel,"2190 Harden Blvd,  Lakeland, FL 33803",America/New_York,2018-02-13,16,1.0,1.0,11062.0,395.07,104.1,3.72
2687,cdcd9d63-34e9-ea11-a817-000d3a8c8077,FL - Lakeland - S Florida Ave.1494,cbcd9d63-34e9-ea11-a817-000d3a8c8077,3745054,FL - Lakeland - Harden Blvd.1493,Locus,3744325,KWHdel,"6445 S Florida Ave,  Lakeland, FL 33813",America/New_York,2018-02-13,16,1.0,1.0,12784.0,456.57,118.5,4.23
2746,cfcd9d63-34e9-ea11-a817-000d3a8c8077,FL - Land O Lakes - Land O Lakes Blvd.8298,d7cd9d63-34e9-ea11-a817-000d3a8c8077,3739746,FL - Tampa - W Cypress St.1366,Locus,3792471,KWHdel,"2550 Land O Lakes Blvd,  Land O Lakes, FL 34639",America/New_York,2019-01-09,23,1.0,1.0,14833.75,478.51,107.8,3.48
2794,d1cd9d63-34e9-ea11-a817-000d3a8c8077,FL - Naranja - S Dixie Hwy.8144,c7cd9d63-34e9-ea11-a817-000d3a8c8077,3815042,FL - Hialeah - E 65th St.1409,Locus,3822507,KWHdel,"27232 S Dixie Hwy,  Naranja, FL 33032",America/New_York,2019-11-13,18,1.0,1.0,20813.66,693.79,108.1,3.6
2832,d3cd9d63-34e9-ea11-a817-000d3a8c8077,FL - Palm Springs - S Congress Ave.1560,c7cd9d63-34e9-ea11-a817-000d3a8c8077,3815042,FL - Hialeah - E 65th St.1409,Locus,3762679,KWHdel,"3599 S Congress Ave,  Palm Springs, FL 33461",America/New_York,2018-02-09,20,1.0,1.0,25576.0,913.43,117.3,4.19
2891,d5cd9d63-34e9-ea11-a817-000d3a8c8077,FL - Pinellas Park - 66th St.8640,d7cd9d63-34e9-ea11-a817-000d3a8c8077,3739746,FL - Tampa - W Cypress St.1366,Locus,3793008,KWHdel,"8610 66th St N,  Pinellas Park, FL 33782",America/New_York,2018-12-13,19,1.0,1.0,7564.84,244.03,90.2,2.91
2940,d7cd9d63-34e9-ea11-a817-000d3a8c8077,FL - Tampa - W Cypress St.1366,d5cd9d63-34e9-ea11-a817-000d3a8c8077,3793008,FL - Pinellas Park - 66th St.8640,Locus,3739746,KWHdel,"5045 W Cypress St,  Tampa, FL 33607",America/New_York,2018-03-27,5,1.0,1.0,8335.0,268.87,163.4,5.27
2998,d9cd9d63-34e9-ea11-a817-000d3a8c8077,MA - Billerica,adcf9d63-34e9-ea11-a817-000d3a8c8077,3824689,SED - Tyngsboro High School,Locus,3421704,KWHdel,"225 Rangeway Rd, North Billerica,, MA 01862",America/New_York,2015-07-20,12,0.5,1.0,11016.0,355.35,188.1,6.07
3088,dbcd9d63-34e9-ea11-a817-000d3a8c8077,MA - Boston - Norwood St.8505,a5cf9d63-34e9-ea11-a817-000d3a8c8077,3829311,SED - Brooke Charter High School,Locus,3799441,KWHdel,"41 Norwood St,  Boston, MA 2122",America/New_York,2019-05-16,16,1.0,1.0,12579.7,405.8,174.5,5.63
3132,ddcd9d63-34e9-ea11-a817-000d3a8c8077,MA - Brockton NEM.1547 - OLD,e9cd9d63-34e9-ea11-a817-000d3a8c8077,3740364,MA - Stoughton - 1940 Washington St NEM.0635,Locus,3420025,KWHdel,"230 Oak St, Brockton, MA 02301",America/New_York,2015-03-17,15,0.5,1.0,11933.0,384.94,113.8,3.67
3226,dfcd9d63-34e9-ea11-a817-000d3a8c8077,MA - Dedham - Providence Highway NEM.1586,dbcd9d63-34e9-ea11-a817-000d3a8c8077,3799441,MA - Boston - Norwood St.8505,Locus,3665933,KWHdel,"25 Providence Highway,  Dedham, MA 2027",America/New_York,2017-06-13,18,0.5,1.0,11604.67,386.82,174.22,5.81
3293,e1cd9d63-34e9-ea11-a817-000d3a8c8077,MA - North Andover NEM.1554,adcf9d63-34e9-ea11-a817-000d3a8c8077,3824689,SED - Tyngsboro High School,Locus,3421701,KWHdel,"1701 Osgood St, North Andover, MA 01845",America/New_York,2015-01-15,17,0.5,1.0,3932.0,126.84,67.69,2.18
3389,e3cd9d63-34e9-ea11-a817-000d3a8c8077,MA - Quincy - Liberty Street NEM.1591,e5cd9d63-34e9-ea11-a817-000d3a8c8077,3725685,MA - Quincy - Old Colony Ave NEM.1658,Locus,3771951,KWHdel,"27 Liberty Street, Quincy, MA 02169",America/New_York,2018-04-10,21,1.0,1.0,10155.0,338.5,138.1,4.6
3446,e5cd9d63-34e9-ea11-a817-000d3a8c8077,MA - Quincy - Old Colony Ave NEM.1658,e7cd9d63-34e9-ea11-a817-000d3a8c8077,3420306,MA - Quincy NEM.1204 - OLD,Locus,3725685,KWHdel,"95 Old Colony Ave,  Quincy, MA 2170",America/New_York,2018-04-10,21,1.0,1.0,13288.0,442.93,138.1,4.6
3503,e7cd9d63-34e9-ea11-a817-000d3a8c8077,MA - Quincy NEM.1204 - OLD,e5cd9d63-34e9-ea11-a817-000d3a8c8077,3725685,MA - Quincy - Old Colony Ave NEM.1658,Locus,3420306,KWHdel,"21 Weston Ave, Quincy, MA 02170",America/New_York,2015-01-08,24,0.5,1.0,3033.0,97.84,60.8,1.96
3599,e9cd9d63-34e9-ea11-a817-000d3a8c8077,MA - Stoughton - 1940 Washington St NEM.0635,ddcd9d63-34e9-ea11-a817-000d3a8c8077,3420025,MA - Brockton NEM.1547 - OLD,Locus,3740364,KWHdel,"1940 Washington St,  Stoughton, MA 2072",America/New_York,2018-04-17,14,1.0,1.0,4864.0,162.13,136.0,4.53
3656,ebcd9d63-34e9-ea11-a817-000d3a8c8077,MD - Annapolis - Trout Rd.1381,f5cd9d63-34e9-ea11-a817-000d3a8c8077,3787248,MD - Hanover - New Ridge Rd.1500,Locus,3795270,KWHdel,"2005 Trout Rd,  Annapolis, MD 21401",America/New_York,2019-02-22,7,1.0,1.0,6673.0,238.32,78.1,2.79
3703,edcd9d63-34e9-ea11-a817-000d3a8c8077,MD - Bethesda - River Rd.0552,ebcd9d63-34e9-ea11-a817-000d3a8c8077,3795270,MD - Annapolis - Trout Rd.1381,Locus,3745582,KWHdel,"5140 River Rd,  Bethesda, MD 20816",America/New_York,2018-05-22,10,1.0,1.0,29294.0,944.97,155.5,5.02
3759,efcd9d63-34e9-ea11-a817-000d3a8c8077,MD - Columbia - Old Columbia Rd.0950,f5cd9d63-34e9-ea11-a817-000d3a8c8077,3787248,MD - Hanover - New Ridge Rd.1500,Locus,3799457,KWHdel,"10400 Old Columbia Rd,  Columbia, MD 21046",America/New_York,2019-04-29,2,1.0,1.0,17936.0,597.87,156.3,5.21
3804,f1cd9d63-34e9-ea11-a817-000d3a8c8077,MD - District Heights - Whitney Pl.0839,c3cd9d63-34e9-ea11-a817-000d3a8c8077,3671359,DC - Washington - Blair Rd NW.0662,Locus,3760394,KWHdel,"2700 Whitney Pl,  District Heights, MD 20747",America/New_York,2018-06-18,13,1.0,1.0,16305.0,543.5,183.6,6.12
3859,f3cd9d63-34e9-ea11-a817-000d3a8c8077,MD - Germantown - Frederick Rd.0640,f1cd9d63-34e9-ea11-a817-000d3a8c8077,3760394,MD - District Heights - Whitney Pl.0839,Locus,3745581,KWHdel,"19500 Frederick Rd,  Germantown, MD 20876",America/New_York,2018-04-09,22,1.0,1.0,11484.0,382.8,152.6,5.09
3916,f5cd9d63-34e9-ea11-a817-000d3a8c8077,MD - Hanover - New Ridge Rd.1500,efcd9d63-34e9-ea11-a817-000d3a8c8077,3799457,MD - Columbia - Old Columbia Rd.0950,Locus,3787248,KWHdel,"7492 New Ridge Rd,  Hanover, MD 21076",America/New_York,2019-04-29,2,1.0,1.0,30437.89,1014.6,156.2,5.21
3961,f7cd9d63-34e9-ea11-a817-000d3a8c8077,NJ - Cherry Hill - Church Rd.1656,f9cd9d63-34e9-ea11-a817-000d3a8c8077,3689287,NJ - Cherry Hill - Rockhill Rd.8354,Locus,3689283,KWHdel,"1001 Church Road,  Cherry Hill, NJ 8002",America/New_York,2018-09-26,5,1.0,1.0,20120.0,670.67,133.3,4.44
4013,f9cd9d63-34e9-ea11-a817-000d3a8c8077,NJ - Cherry Hill - Rockhill Rd.8354,f7cd9d63-34e9-ea11-a817-000d3a8c8077,3689283,NJ - Cherry Hill - Church Rd.1656,Locus,3689287,KWHdel,"25 Rockhill Rd,  Cherry Hill, NJ 8003",America/New_York,2017-12-05,27,1.0,1.0,4377.0,141.19,47.6,1.54
4074,fbcd9d63-34e9-ea11-a817-000d3a8c8077,NJ - Cranbury / Monroe.1519,1ecf9d63-34e9-ea11-a817-000d3a8c8077,3691108,NJ - Freehold Raceway Mall,Locus,3431416,KWHdel,"10 Pleasant Hill Rd,  Cranbury, NJ 8831",America/New_York,2016-09-26,5,0.5,1.0,10424.19,347.47,138.18,4.61
4150,fdcd9d63-34e9-ea11-a817-000d3a8c8077,NJ - Denville - Morris Ave.8352,0bce9d63-34e9-ea11-a817-000d3a8c8077,3689198,NJ - Riverdale - SR-23.1726,Locus,3689284,KWHdel,"300 Morris Ave,  Denville, NJ 7834",America/New_York,2017-09-08,23,1.0,1.0,13588.0,452.93,133.3,4.44
4214,ffcd9d63-34e9-ea11-a817-000d3a8c8077,NJ - Fairfield - Route 46 W.8343,02cf9d63-34e9-ea11-a817-000d3a8c8077,3541375,Willowbrook Mall,Locus,3783069,KWHdel,"593 Route 46 W,  Fairfield, NJ 7004",America/New_York,2018-12-17,15,1.0,1.0,2742.0,88.45,54.7,1.76
4263,01ce9d63-34e9-ea11-a817-000d3a8c8077,NJ - Fort Lee - Main St.1725,03ce9d63-34e9-ea11-a817-000d3a8c8077,3431414,NJ - Fort Lee.1516 - OLD,Locus,3777966,KWHdel,"550 Main St,  Fort Lee, NJ 7024",America/New_York,2018-07-12,20,1.0,1.0,21555.0,695.32,177.1,5.71
4317,03ce9d63-34e9-ea11-a817-000d3a8c8077,NJ - Fort Lee.1516 - OLD,01ce9d63-34e9-ea11-a817-000d3a8c8077,3777966,NJ - Fort Lee - Main St.1725,Locus,3431414,KWHdel,"1415 Bergen Blvd, Fort Lee, NJ 07024",America/New_York,2015-05-26,6,0.5,1.0,29190.0,941.61,170.1,5.49
4409,05ce9d63-34e9-ea11-a817-000d3a8c8077,NJ - Hackensack - Railroad Ave.8351,01ce9d63-34e9-ea11-a817-000d3a8c8077,3777966,NJ - Fort Lee - Main St.1725,Locus,3689203,KWHdel,"260 Railroad Ave,  Hackensack, NJ 7601",America/New_York,2018-02-22,7,1.0,1.0,4915.0,175.54,82.5,2.95
4468,07ce9d63-34e9-ea11-a817-000d3a8c8077,NJ - Newark - Elizabeth Ave.8344,0fce9d63-34e9-ea11-a817-000d3a8c8077,3431417,NJ - Union.1517,Locus,3750701,KWHdel,"320-324 Elizabeth Ave,  Newark, NJ 7112",America/New_York,2018-07-11,21,1.0,1.0,16103.0,519.45,171.9,5.55
4522,09ce9d63-34e9-ea11-a817-000d3a8c8077,NJ - North Bergen - River Rd.1089,03ce9d63-34e9-ea11-a817-000d3a8c8077,3431414,NJ - Fort Lee.1516 - OLD,Locus,3793128,KWHdel,"8301 River Rd,  North Bergen, NJ 7047",America/New_York,2019-04-08,23,1.0,1.0,11487.0,382.9,144.9,4.83
4567,0bce9d63-34e9-ea11-a817-000d3a8c8077,NJ - Riverdale - SR-23.1726,ffcd9d63-34e9-ea11-a817-000d3a8c8077,3783069,NJ - Fairfield - Route 46 W.8343,Locus,3689198,KWHdel,"112 SR-23,  Riverdale, NJ 7457",America/New_York,2017-09-14,17,1.0,1.0,13588.0,452.93,121.9,4.06
4631,0dce9d63-34e9-ea11-a817-000d3a8c8077,NJ - Trenton - Quakerbridge Rd.1727,fbcd9d63-34e9-ea11-a817-000d3a8c8077,3431416,NJ - Cranbury / Monroe.1519,Locus,3689196,KWHdel,"3600 Quakerbridge Rd,  Trenton, NJ 8619",America/New_York,2017-10-21,11,1.0,1.0,3731.0,120.35,108.8,3.51
4694,0fce9d63-34e9-ea11-a817-000d3a8c8077,NJ - Union.1517,07ce9d63-34e9-ea11-a817-000d3a8c8077,3750701,NJ - Newark - Elizabeth Ave.8344,Locus,3431417,KWHdel,"2035 US-22 W, Union, NJ 07083",America/New_York,2015-04-06,25,0.5,1.0,17524.0,584.13,147.3,4.91
4787,11ce9d63-34e9-ea11-a817-000d3a8c8077,NJ - Watchung.1518,0fce9d63-34e9-ea11-a817-000d3a8c8077,3431417,NJ - Union.1517,Locus,3431415,KWHdel,"1559 Route 22, Watchung, NJ 07069",America/New_York,2015-04-13,18,0.5,1.0,16182.0,539.4,146.7,4.89
4880,13ce9d63-34e9-ea11-a817-000d3a8c8077,NJ - Westwood - Madison Ave.1861,dcce9d63-34e9-ea11-a817-000d3a8c8077,3542992,Paramus Park - NJ,Locus,3798951,KWHdel,"15 Madison Ave,  Westwood, NJ 7675",America/New_York,2019-03-05,27,1.0,1.0,8675.0,279.84,105.7,3.41
4926,15ce9d63-34e9-ea11-a817-000d3a8c8077,NY - Bohemia.1391,29ce9d63-34e9-ea11-a817-000d3a8c8077,3381843,NY - Hauppauge.0674,Locus,3418857,KWHdel,"510 Johnson Ave, Bohemia, NY 11716",America/New_York,2014-10-27,5,0.5,1.0,3460.0,111.61,101.7,3.28
5025,17ce9d63-34e9-ea11-a817-000d3a8c8077,NY - Bronx - Baychester.8501,19ce9d63-34e9-ea11-a817-000d3a8c8077,3379748,NY - Bronx - Edson Ave.1042,Locus,3792330,KWHdel,"3450 Baychester Ave,  Bronx, NY 10475",America/New_York,2019-06-20,11,1.0,1.0,19551.8,651.73,184.8,6.16
5068,19ce9d63-34e9-ea11-a817-000d3a8c8077,NY - Bronx - Edson Ave.1042,17ce9d63-34e9-ea11-a817-000d3a8c8077,3792330,NY - Bronx - Baychester.8501,Locus,3379748,KWHdel,"2875 Edson Ave,  Bronx, NY 10469",America/New_York,2013-10-09,23,0.5,1.0,17111.0,551.97,117.1,3.78
5179,1bce9d63-34e9-ea11-a817-000d3a8c8077,NY - Bronx - W Fordham Rd.1213,19ce9d63-34e9-ea11-a817-000d3a8c8077,3379748,NY - Bronx - Edson Ave.1042,Locus,3678371,KWHdel,"245 W Fordham Rd,  Bronx, NY 10468",America/New_York,2017-07-25,7,1.0,1.0,15790.0,509.35,177.4,5.72
5245,1dce9d63-34e9-ea11-a817-000d3a8c8077,NY - Brooklyn - 3rd Ave.1399,21ce9d63-34e9-ea11-a817-000d3a8c8077,3799436,NY - Brooklyn - Atlantic Ave.1450,Locus,3379747,KWHdel,"312 3rd Ave,  Brooklyn, NY 11215",America/New_York,2013-10-04,28,0.5,1.0,11279.0,363.84,117.1,3.78
5356,21ce9d63-34e9-ea11-a817-000d3a8c8077,NY - Brooklyn - Atlantic Ave.1450,1dce9d63-34e9-ea11-a817-000d3a8c8077,3379747,NY - Brooklyn - 3rd Ave.1399,Locus,3799436,KWHdel,"1540 Atlantic Ave,  Brooklyn, NY 11213",America/New_York,2019-08-14,18,1.0,1.0,10665.97,344.06,177.8,5.74
5397,23ce9d63-34e9-ea11-a817-000d3a8c8077,NY - Centereach.1398,29ce9d63-34e9-ea11-a817-000d3a8c8077,3381843,NY - Hauppauge.0674,Locus,3383315,KWHdel,"2626 Middle Country Rd,  Centereach, NY 11720",America/New_York,2014-02-12,17,0.5,1.0,8370.0,298.93,78.6,2.81
5504,25ce9d63-34e9-ea11-a817-000d3a8c8077,NY - Central Valley.8349,39ce9d63-34e9-ea11-a817-000d3a8c8077,3420030,NY - Poughkeepsie.8350,Locus,3431382,KWHdel,"27 Bond St, Central Valley, NY 10917",America/New_York,2015-01-15,17,0.5,1.0,25084.0,809.16,63.0,2.03
5600,27ce9d63-34e9-ea11-a817-000d3a8c8077,NY - Harlem - W 143rd St.0539,1bce9d63-34e9-ea11-a817-000d3a8c8077,3678371,NY - Bronx - W Fordham Rd.1213,Locus,3431413,KWHdel,"58 W 143rd St,  New York, NY 10037",America/New_York,2016-10-26,6,0.5,1.0,6229.0,200.94,127.43,4.11
5675,29ce9d63-34e9-ea11-a817-000d3a8c8077,NY - Hauppauge.0674,23ce9d63-34e9-ea11-a817-000d3a8c8077,3383315,NY - Centereach.1398,Locus,3381843,KWHdel,"730 Old Willets Path,  Hauppauge, NY 11788",America/New_York,2014-01-20,12,0.5,1.0,11072.0,357.16,63.6,2.05
5783,2bce9d63-34e9-ea11-a817-000d3a8c8077,NY - Hicksville.0630,37ce9d63-34e9-ea11-a817-000d3a8c8077,3382576,NY - Plainview.1050,Locus,3383324,KWHdel,"789 S Broadway,  Hicksville, NY 11801",America/New_York,2014-02-21,8,0.5,1.0,12351.0,441.11,84.0,3.0
5890,2dce9d63-34e9-ea11-a817-000d3a8c8077,NY - Kingston.0405,35ce9d63-34e9-ea11-a817-000d3a8c8077,3420026,NY - New Paltz.0406,Locus,3418856,KWHdel,"119 Sawkill Rd, Kingston, NY 12401",America/New_York,2014-12-22,10,0.5,1.0,4298.0,138.65,56.9,1.84
5987,31ce9d63-34e9-ea11-a817-000d3a8c8077,NY - Mt Vernon - 102 Macquesten.1087,33ce9d63-34e9-ea11-a817-000d3a8c8077,3416799,NY - Mt Vernon - 30 N West.0502,Locus,3416800,KWHdel,"102 MacQuesten Pkwy, Mt Vernon, NY 10550",America/New_York,2015-02-06,23,0.5,1.0,7000.0,250.0,77.86,2.78
6082,33ce9d63-34e9-ea11-a817-000d3a8c8077,NY - Mt Vernon - 30 N West.0502,31ce9d63-34e9-ea11-a817-000d3a8c8077,3416800,NY - Mt Vernon - 102 Macquesten.1087,Locus,3416799,KWHdel,"30 N West St, Mt Vernon, NY 10550",America/New_York,2015-02-06,23,0.5,1.0,5283.0,188.68,78.7,2.81
6177,35ce9d63-34e9-ea11-a817-000d3a8c8077,NY - New Paltz.0406,39ce9d63-34e9-ea11-a817-000d3a8c8077,3420030,NY - Poughkeepsie.8350,Locus,3420026,KWHdel,"24 S Putt Corners Rd, New Paltz, NY 12561",America/New_York,2014-12-17,15,0.5,1.0,3143.57,101.41,57.88,1.87
6274,37ce9d63-34e9-ea11-a817-000d3a8c8077,NY - Plainview.1050,35ce9d63-34e9-ea11-a817-000d3a8c8077,3420026,NY - New Paltz.0406,Locus,3382576,KWHdel,"151 Sunnyside Blvd,  Plainview, NY 11803",America/New_York,2014-01-30,2,0.5,1.0,10603.0,342.03,63.3,2.04
6382,39ce9d63-34e9-ea11-a817-000d3a8c8077,NY - Poughkeepsie.8350,35ce9d63-34e9-ea11-a817-000d3a8c8077,3420026,NY - New Paltz.0406,Locus,3420030,KWHdel,"2169 South Rd, Poughkeepsie, NY 12601",America/New_York,2014-12-11,21,0.5,1.0,5745.0,185.32,64.22,2.07
6479,3bce9d63-34e9-ea11-a817-000d3a8c8077,NY - Ridge.0470,23ce9d63-34e9-ea11-a817-000d3a8c8077,3383315,NY - Centereach.1398,Locus,3382570,KWHdel,"14 Francis Mooney Dr,  Ridge, NY 11961",America/New_York,2014-03-06,26,0.5,1.0,17561.0,566.48,123.97,4.0
6585,3dce9d63-34e9-ea11-a817-000d3a8c8077,OR - Hillsboro - NE 15th Ave.8549,c9cf9d63-34e9-ea11-a817-000d3a8c8077,3830859,Gilroy Crossing,Locus,3785778,KWHdel,"3250 NE 15th Ave,  Hillsboro, OR 97124",America/Los_Angeles,2018-11-14,17,1.0,1.0,3188.55,106.29,94.94,3.16
6635,3fce9d63-34e9-ea11-a817-000d3a8c8077,PA - Collegeville - 2nd Ave.1742,41ce9d63-34e9-ea11-a817-000d3a8c8077,3793127,PA - King of Prussia - S Gulph Rd.0195,Locus,3799593,KWHdel,"99 2nd Ave,  Collegeville, PA 19426",America/New_York,2019-03-08,24,1.0,1.0,3802.0,122.65,118.8,3.83
6681,41ce9d63-34e9-ea11-a817-000d3a8c8077,PA - King of Prussia - S Gulph Rd.0195,3fce9d63-34e9-ea11-a817-000d3a8c8077,3799593,PA - Collegeville - 2nd Ave.1742,Locus,3793127,KWHdel,"282 S Gulph Rd,  King of Prussia, PA 19406",America/New_York,2019-04-12,19,1.0,1.0,6794.0,226.47,143.4,4.78
6726,43ce9d63-34e9-ea11-a817-000d3a8c8077,PA - Morrisville - Lincoln Hwy.1197,3fce9d63-34e9-ea11-a817-000d3a8c8077,3799593,PA - Collegeville - 2nd Ave.1742,Locus,3848881,KWHdel,"915 Lincoln Hwy,  Morrisville, PA 19067",America/New_York,2020-02-14,16,1.0,1.0,9615.5,331.57,82.6,2.85
6761,45ce9d63-34e9-ea11-a817-000d3a8c8077,PA - W Mifflin - Lebanon Rd.1739,3fce9d63-34e9-ea11-a817-000d3a8c8077,3799593,PA - Collegeville - 2nd Ave.1742,Locus,3799445,KWHdel,"2016 Lebanon Rd,  West Mifflin, PA 15122",America/New_York,2019-08-28,4,1.0,1.0,11598.5,374.15,171.6,5.54
6802,47ce9d63-34e9-ea11-a817-000d3a8c8077,RI - Johnston - Hartford Ave.0741,49ce9d63-34e9-ea11-a817-000d3a8c8077,3689264,RI - Johnston - Plainfield Pike.1150,Locus,3689288,KWHdel,"1640 Hartford Ave,  Johnston, RI 2919",America/New_York,2017-12-13,19,1.0,1.0,5170.0,166.77,59.0,1.9
6863,49ce9d63-34e9-ea11-a817-000d3a8c8077,RI - Johnston - Plainfield Pike.1150,47ce9d63-34e9-ea11-a817-000d3a8c8077,3689288,RI - Johnston - Hartford Ave.0741,Locus,3689264,KWHdel,"1815 Plainfield Pike,  Johnston, RI 2919",America/New_York,2018-03-20,12,1.0,1.0,6485.0,209.19,116.6,3.76
6921,4bce9d63-34e9-ea11-a817-000d3a8c8077,TX - Austin - Brodie Ln.1640,51ce9d63-34e9-ea11-a817-000d3a8c8077,3669904,TX - Austin - Slaughter Creek.1795,Locus,3669903,KWHdel,"9300 Brodie Lane,  Austin, TX 78748",America/Chicago,2018-01-19,13,1.0,1.0,4593.0,148.16,127.4,4.11
6981,4fce9d63-34e9-ea11-a817-000d3a8c8077,TX - Austin - S Capital of Texas Hwy.1639,4dce9d63-34e9-ea11-a817-000d3a8c8077,3681172,TX - Austin - Burnet Rd.1302,Locus,3670065,KWHdel,"2631 S Capital of Texas Hwy,  Austin, TX 78746",America/Chicago,2017-10-05,27,1.0,1.0,6204.0,200.13,114.45,3.69
7044,51ce9d63-34e9-ea11-a817-000d3a8c8077,TX - Austin - Slaughter Creek.1795,4bce9d63-34e9-ea11-a817-000d3a8c8077,3669903,TX - Austin - Brodie Ln.1640,Locus,3669904,KWHdel,"9910 Slaughter Creek,  Austin, TX 78748",America/Chicago,2017-10-17,15,1.0,1.0,3880.0,125.16,134.8,4.35
7107,53ce9d63-34e9-ea11-a817-000d3a8c8077,TX - Manor - Harris Branch Pkwy.1794,4dce9d63-34e9-ea11-a817-000d3a8c8077,3681172,TX - Austin - Burnet Rd.1302,Locus,3681170,KWHdel,"12408 Harris Branch Pkwy,  Manor, TX 78653",America/Chicago,2017-10-05,27,1.0,1.0,4957.0,159.9,127.72,4.12
7170,55ce9d63-34e9-ea11-a817-000d3a8c8077,TX - San Antonio - N Loop 1604 W.1839,57ce9d63-34e9-ea11-a817-000d3a8c8077,3745579,TX - San Antonio - San Pedro Ave.1597,Locus,3754524,KWHdel,"202 N Loop 1604 W,  San Antonio, TX 78232",America/Chicago,2018-03-21,11,1.0,1.0,20668.0,666.71,153.9,4.96
7228,a4ce9d63-34e9-ea11-a817-000d3a8c8077,Ala Moana Center - I,acce9d63-34e9-ea11-a817-000d3a8c8077,3659133,Ala Moana Phase II (Existing Roof),Locus,3537264,KWHdel,"1450 Ala Moana Blvd Unit 1206, Honolulu, HI 96814",Pacific/Honolulu,2013-12-31,1,0.5,1.0,101084.66,3260.8,121.9,3.93
7337,a6ce9d63-34e9-ea11-a817-000d3a8c8077,Ala Moana New Deck (Phase VI),acce9d63-34e9-ea11-a817-000d3a8c8077,3659133,Ala Moana Phase II (Existing Roof),Locus,3792329,KWHdel,"451 Piikoi St,  Honolulu, HI 96814",Pacific/Honolulu,2019-01-03,29,0.5,1.0,143166.0,4618.26,123.5,3.98
7385,a8ce9d63-34e9-ea11-a817-000d3a8c8077,Ala Moana Old Nordstrom (Phase V),acce9d63-34e9-ea11-a817-000d3a8c8077,3659133,Ala Moana Phase II (Existing Roof),Locus,3714091,KWHdel,"410 Atkinson Dr,  Honolulu, HI 96814",Pacific/Honolulu,2017-12-20,12,0.5,1.0,30677.0,989.58,113.9,3.67
7446,aace9d63-34e9-ea11-a817-000d3a8c8077,Ala Moana Phase II (Canopy),a6ce9d63-34e9-ea11-a817-000d3a8c8077,3792329,Ala Moana New Deck (Phase VI),Locus,3667744,KWHdel,"1450 Ala Moana Blvd,  Honolulu, HI 96814",Pacific/Honolulu,2016-12-30,2,0.5,1.0,57827.84,1865.41,120.5,3.89
7519,acce9d63-34e9-ea11-a817-000d3a8c8077,Ala Moana Phase II (Existing Roof),a8ce9d63-34e9-ea11-a817-000d3a8c8077,3714091,Ala Moana Old Nordstrom (Phase V),Locus,3659133,KWHdel,,,2016-12-30,2,0.5,1.0,9614.0,310.13,113.9,3.67
7592,aece9d63-34e9-ea11-a817-000d3a8c8077,Ala Moana Phase II (New Roof),acce9d63-34e9-ea11-a817-000d3a8c8077,3659133,Ala Moana Phase II (Existing Roof),Locus,3667745,KWHdel,,,2016-12-30,2,0.5,1.0,30801.0,993.58,113.9,3.67
7665,b0ce9d63-34e9-ea11-a817-000d3a8c8077,Altamonte Mall,c5cd9d63-34e9-ea11-a817-000d3a8c8077,3792399,FL - Apopka - Park Ave.1633,Locus,3586452,KWHdel,"451 E Altamonte Dr,  Altamonte Springs, FL 32701",America/New_York,2016-05-16,16,0.5,1.0,286996.0,9257.94,195.1,6.29
7745,b2ce9d63-34e9-ea11-a817-000d3a8c8077,Beachwood Place,45ce9d63-34e9-ea11-a817-000d3a8c8077,3799445,PA - W Mifflin - Lebanon Rd.1739,Locus,3689205,KWHdel,"26300 Cedar Rd,  Beachwood, OH 44122",America/New_York,2017-12-19,13,0.5,1.0,19259.0,621.26,42.9,1.38
7806,b4ce9d63-34e9-ea11-a817-000d3a8c8077,Brass Mill (Canopy),90cd9d63-34e9-ea11-a817-000d3a8c8077,3508096,CT - Watertown,Locus,3767662,KWHdel,"495 Union St,  Waterbury, CT 6706",America/New_York,2017-12-21,11,0.5,1.0,122983.0,3967.19,48.9,1.58
7867,b6ce9d63-34e9-ea11-a817-000d3a8c8077,Brass Mill Center,90cd9d63-34e9-ea11-a817-000d3a8c8077,3508096,CT - Watertown,Locus,3560866,KWHdel,"495 Union St,  Waterbury, CT 6706",America/New_York,2015-12-08,24,0.5,1.0,64958.0,2095.42,54.8,1.77
7952,b8ce9d63-34e9-ea11-a817-000d3a8c8077,Buckland Hills (Canopy),c1cd9d63-34e9-ea11-a817-000d3a8c8077,3431412,CT - Wethersfield.1097,Locus,3568351,KWHdel,"194 Buckland Hills Dr,  Manchester, CT 6042",America/New_York,2018-05-03,29,0.5,1.0,124435.0,4014.03,165.0,5.32
8008,bace9d63-34e9-ea11-a817-000d3a8c8077,Buckland Hills (Roof),c1cd9d63-34e9-ea11-a817-000d3a8c8077,3431412,CT - Wethersfield.1097,Locus,3568351,KWHdel,"194 Buckland Hills Dr,  Manchester, CT 6042",America/New_York,2016-01-04,28,0.5,1.0,38990.0,1257.74,61.3,1.98
8092,bcce9d63-34e9-ea11-a817-000d3a8c8077,Christiana Mall,d7cf9d63-34e9-ea11-a817-000d3a8c8077,3669861,Rehoboth Beach,Locus,3544389,KWHdel,"132 Christiana Mall,  Newark, DE 19702",America/New_York,2016-02-04,26,0.5,1.0,78903.0,2720.79,82.9,2.86
8175,bece9d63-34e9-ea11-a817-000d3a8c8077,Columbiana Centre,f2ce9d63-34e9-ea11-a817-000d3a8c8077,3589532,The Oaks Mall,Locus,3536028,KWHdel,"100 Columbiana Cir,  Columbia, SC 29212",America/New_York,2015-12-27,5,0.5,1.0,23498.0,758.0,55.5,1.79
8260,c0ce9d63-34e9-ea11-a817-000d3a8c8077,Fashion Show,c6ce9d63-34e9-ea11-a817-000d3a8c8077,3589395,Meadows Mall,Locus,3585644,KWHdel,"3200 S Las Vegas Blvd,  Las Vegas, NV 89109",America/Los_Angeles,2016-04-26,5,0.5,1.0,181533.0,6051.1,177.7,5.92
8341,c2ce9d63-34e9-ea11-a817-000d3a8c8077,Glendale Galleria (Canopy),b1cd9d63-34e9-ea11-a817-000d3a8c8077,3799063,CA - Glendale - 6527 San Fernando Rd.1602,Locus,3747023,KWHdel,"100 W Broadway #700,  Glendale, CA 91204",,2017-12-19,13,0.5,1.0,173556.0,5598.58,93.5,3.02
8402,c4ce9d63-34e9-ea11-a817-000d3a8c8077,Glendale Galleria (Roof),b1cd9d63-34e9-ea11-a817-000d3a8c8077,3799063,CA - Glendale - 6527 San Fernando Rd.1602,Locus,3697553,KWHdel,"200 W Broadway,  Glendale, CA 91210",America/Los_Angeles,2017-05-17,15,0.5,1.0,168950.0,5450.0,194.5,6.27
8470,c6ce9d63-34e9-ea11-a817-000d3a8c8077,Meadows Mall,c0ce9d63-34e9-ea11-a817-000d3a8c8077,3585644,Fashion Show,Locus,3589395,KWHdel,"4300 Meadows Ln,  Las Vegas, NV 89107",America/Los_Angeles,2016-09-30,1,0.5,1.0,111822.0,3727.4,195.44,6.51
8546,c8ce9d63-34e9-ea11-a817-000d3a8c8077,Mondawmin Mall,f4ce9d63-34e9-ea11-a817-000d3a8c8077,3544401,Towson Town Center,Locus,3544396,KWHdel,"2401 Liberty Heights Ave,  Baltimore, MD 21215",America/New_York,2015-12-15,17,0.5,1.0,39791.0,1283.58,67.97,2.19
8631,cace9d63-34e9-ea11-a817-000d3a8c8077,Natick Mall Deck,cece9d63-34e9-ea11-a817-000d3a8c8077,3590858,Natick Mall Roof,Locus,3589543,KWHdel,"1235 Worcester Rd,  Natick, MA 1760",America/New_York,2016-06-03,28,0.5,1.0,203162.36,6772.08,184.0,6.13
8710,ccce9d63-34e9-ea11-a817-000d3a8c8077,Natick Mall Deck (Phase II),cace9d63-34e9-ea11-a817-000d3a8c8077,3589543,Natick Mall Deck,Locus,3822483,KWHdel,"1235 Worcester Rd,  Natick, MA 1760",America/New_York,2019-11-20,11,0.5,1.0,32740.3,1091.34,62.45,2.08
8748,cece9d63-34e9-ea11-a817-000d3a8c8077,Natick Mall Roof,d0ce9d63-34e9-ea11-a817-000d3a8c8077,3771496,Natick Mall Roof (Phase II),Locus,3590858,KWHdel,"1245 Worcester St,  Natick, MA 1760",America/New_York,2015-12-28,4,0.5,1.0,33777.26,1089.59,58.36,1.88
8833,d0ce9d63-34e9-ea11-a817-000d3a8c8077,Natick Mall Roof (Phase II),cece9d63-34e9-ea11-a817-000d3a8c8077,3590858,Natick Mall Roof,Locus,3771496,KWHdel,"1245 Worcester St,  Natick, MA 1760",America/New_York,2018-10-05,27,0.5,1.0,49130.0,1584.84,114.2,3.68
8884,d2ce9d63-34e9-ea11-a817-000d3a8c8077,Northridge Fashion Center (Deck),b3cd9d63-34e9-ea11-a817-000d3a8c8077,3819457,CA - Sunland - Foothill Blvd.1565,Locus,3582909,KWHdel,"9301 Tampa Ave,  Northridge, CA 91324",America/Los_Angeles,2018-06-21,10,0.5,1.0,184573.0,6152.43,185.84,6.19
8939,d4ce9d63-34e9-ea11-a817-000d3a8c8077,Northridge Fashion Center (Roof),b3cd9d63-34e9-ea11-a817-000d3a8c8077,3819457,CA - Sunland - Foothill Blvd.1565,Locus,3582909,KWHdel,"9301 Tampa Ave,  Northridge, CA 91324",America/Los_Angeles,2016-07-01,31,0.5,1.0,122685.0,3957.58,185.7,5.99
9017,d6ce9d63-34e9-ea11-a817-000d3a8c8077,Northridge Fashion Center (Roof II),b3cd9d63-34e9-ea11-a817-000d3a8c8077,3819457,CA - Sunland - Foothill Blvd.1565,Locus,3582909,KWHdel,"9301 Tampa Ave,  Northridge, CA 91325",America/Los_Angeles,2016-07-01,31,0.5,1.0,28730.0,926.77,177.5,5.73
9095,d8ce9d63-34e9-ea11-a817-000d3a8c8077,Oglethorpe Mall,f2ce9d63-34e9-ea11-a817-000d3a8c8077,3589532,The Oaks Mall,Locus,3515163,KWHdel,"7804 Abercorn St,  Savannah, GA 31406",America/New_York,2015-09-28,3,0.5,1.0,29162.0,972.07,123.4,4.11
9183,dace9d63-34e9-ea11-a817-000d3a8c8077,Otay Ranch Town Center,d6ce9d63-34e9-ea11-a817-000d3a8c8077,3582909,Northridge Fashion Center (Roof II),Locus,3595990,KWHdel,"2015 Birch Rd,  Chula Vista, CA 91915",America/Los_Angeles,2016-07-27,5,0.5,1.0,87557.0,2824.42,223.04,7.19
9261,dcce9d63-34e9-ea11-a817-000d3a8c8077,Paramus Park - NJ,dece9d63-34e9-ea11-a817-000d3a8c8077,3649867,Paramus Park Mall (Canopy),Locus,3542992,KWHdel,"700 Paramus Park, Paramus, NJ 07652",America/New_York,2012-09-24,7,0.5,1.0,109100.01,3636.67,133.3,4.44
9385,dece9d63-34e9-ea11-a817-000d3a8c8077,Paramus Park Mall (Canopy),dcce9d63-34e9-ea11-a817-000d3a8c8077,3542992,Paramus Park - NJ,Locus,3649867,KWHdel,"700 Paramus Park,  Paramus, NJ 7652",America/New_York,2017-09-21,10,0.5,1.0,128173.0,4272.43,132.1,4.4
9449,e0ce9d63-34e9-ea11-a817-000d3a8c8077,Park Meadows,e8ce9d63-34e9-ea11-a817-000d3a8c8077,3665932,Southwest Plaza,Locus,3589242,KWHdel,"8401 Park Meadows Center Dr,  Lone Tree, CO 80124",America/Denver,2016-12-29,3,0.5,1.0,21322.0,687.81,74.15,2.39
9522,e2ce9d63-34e9-ea11-a817-000d3a8c8077,Park Place,f6ce9d63-34e9-ea11-a817-000d3a8c8077,3557194,Tucson Mall (Roof),Locus,3571994,KWHdel,"5870 E Broadway Blvd,  Tucson, AZ 85711",America/Phoenix,2016-03-04,28,0.5,1.0,133353.0,4301.71,175.59,5.66
9604,e4ce9d63-34e9-ea11-a817-000d3a8c8077,Pembroke Lakes Mall,c9cd9d63-34e9-ea11-a817-000d3a8c8077,3793126,FL - Hialeah - W 84th St.1403,Locus,3694081,KWHdel,"11401 Pines Blvd,  Pembroke Pines, FL 33026",America/New_York,2016-01-08,24,0.5,1.0,128942.0,4159.42,115.8,3.74
9688,e6ce9d63-34e9-ea11-a817-000d3a8c8077,Prince Kuhio Plaza,aece9d63-34e9-ea11-a817-000d3a8c8077,3667745,Ala Moana Phase II (New Roof),Locus,3512306,KWHdel,"111 E Puainako St, Hilo, HI 96720",Pacific/Honolulu,2016-05-11,21,0.5,1.0,42637.0,1375.39,205.15,6.62
9768,e8ce9d63-34e9-ea11-a817-000d3a8c8077,Southwest Plaza,e0ce9d63-34e9-ea11-a817-000d3a8c8077,3589242,Park Meadows,Locus,3665932,KWHdel,"8501 W Bowles Ave,  Littleton, CO 80123",America/Denver,2017-06-14,17,0.5,1.0,62305.0,2076.83,219.3,7.31
9835,eace9d63-34e9-ea11-a817-000d3a8c8077,Staten Island Mall,1dce9d63-34e9-ea11-a817-000d3a8c8077,3379747,NY - Brooklyn - 3rd Ave.1399,Locus,3588374,KWHdel,"2655 Richmond Ave,  Staten Island, NY 10314",America/New_York,2016-05-05,27,0.5,1.0,143167.0,4618.29,170.43,5.5
9915,ecce9d63-34e9-ea11-a817-000d3a8c8077,Stonestown Galleria (Deck),2ccf9d63-34e9-ea11-a817-000d3a8c8077,3829702,CA - Berkeley - 2nd St.22322,Locus,3588745,KWHdel,"3251 20th Ave,  San Francisco, CA 94132",America/Los_Angeles,2017-06-22,9,0.5,1.0,89156.3,2971.88,215.13,7.17
9982,eece9d63-34e9-ea11-a817-000d3a8c8077,Stonestown Galleria (Roof),2ccf9d63-34e9-ea11-a817-000d3a8c8077,3829702,CA - Berkeley - 2nd St.22322,Locus,3588745,KWHdel,"3251 20th Ave,  San Francisco, CA 94132",America/Los_Angeles,2016-08-26,6,0.5,1.0,110602.4,3567.82,202.38,6.53
10059,f0ce9d63-34e9-ea11-a817-000d3a8c8077,The Mall in Columbia,efcd9d63-34e9-ea11-a817-000d3a8c8077,3799457,MD - Columbia - Old Columbia Rd.0950,Locus,3592000,KWHdel,"10300 Little Patuxent Pkwy,  Columbia, MD 21044",America/New_York,2016-03-25,7,0.5,1.0,110719.0,3571.58,125.19,4.04
10141,f4ce9d63-34e9-ea11-a817-000d3a8c8077,Towson Town Center,00cf9d63-34e9-ea11-a817-000d3a8c8077,3544399,White Marsh Mall,Locus,3544401,KWHdel,"825 Dulaney Valley Rd,  Towson, MD 21204",America/New_York,2016-09-30,1,0.5,1.0,48779.0,1625.97,136.1,4.54
10217,f6ce9d63-34e9-ea11-a817-000d3a8c8077,Tucson Mall (Roof),e2ce9d63-34e9-ea11-a817-000d3a8c8077,3571994,Park Place,Locus,3557194,KWHdel,"4500 N Oracle Rd,  Tucson, AZ 85705",America/Phoenix,2016-03-03,29,0.5,1.0,48768.0,1573.16,150.2,4.85
10299,f8ce9d63-34e9-ea11-a817-000d3a8c8077,Valley Plaza (Canopy),fcce9d63-34e9-ea11-a817-000d3a8c8077,3544322,Visalia Mall,Locus,3629486,KWHdel,"2701 Ming Ave,  Bakersfield, CA 93304",America/Los_Angeles,2017-01-10,22,0.5,1.0,25087.0,809.26,75.4,2.43
10371,face9d63-34e9-ea11-a817-000d3a8c8077,Valley Plaza (Roof),fcce9d63-34e9-ea11-a817-000d3a8c8077,3544322,Visalia Mall,Locus,3588753,KWHdel,"2701 Ming Ave,  Bakersfield, CA 93304",America/Los_Angeles,2016-09-30,1,0.5,1.0,68712.0,2290.4,187.1,6.24
10447,fcce9d63-34e9-ea11-a817-000d3a8c8077,Visalia Mall,face9d63-34e9-ea11-a817-000d3a8c8077,3588753,Valley Plaza (Roof),Locus,3544322,KWHdel,"2031 S Mooney Blvd,  Visalia, CA 93277",America/Los_Angeles,2016-01-13,19,0.5,1.0,8002.0,258.13,61.46,1.98
10531,fece9d63-34e9-ea11-a817-000d3a8c8077,Whalers Village,aece9d63-34e9-ea11-a817-000d3a8c8077,3667745,Ala Moana Phase II (New Roof),Locus,3508359,KWHdel,"2435 Kaanapali Pkwy, Lahaina, HI 96761",Pacific/Honolulu,2016-04-01,30,0.5,1.0,43041.0,1434.7,174.38,5.81
10612,00cf9d63-34e9-ea11-a817-000d3a8c8077,White Marsh Mall,f4ce9d63-34e9-ea11-a817-000d3a8c8077,3544401,Towson Town Center,Locus,3544399,KWHdel,"8200 Perry Hall Blvd,  Baltimore, MD 21236",America/New_York,2015-12-28,4,0.5,1.0,64423.0,2078.16,61.01,1.97
10697,02cf9d63-34e9-ea11-a817-000d3a8c8077,Willowbrook Mall,ffcd9d63-34e9-ea11-a817-000d3a8c8077,3783069,NJ - Fairfield - Route 46 W.8343,Locus,3541375,KWHdel,"1400 Willowbrook Mall, Wayne, NJ 07470",America/New_York,2013-01-18,14,0.5,1.0,60107.5,1938.95,67.58,2.18
10817,04cf9d63-34e9-ea11-a817-000d3a8c8077,Woodbridge Center (Canopy),06cf9d63-34e9-ea11-a817-000d3a8c8077,3537108,Woodbridge Center (Roof),Locus,3679287,KWHdel,"250 Woodbridge Center Dr, Woodbridge, NJ 07095",America/New_York,2017-12-21,11,0.5,1.0,123366.0,3979.55,55.0,1.77
10878,06cf9d63-34e9-ea11-a817-000d3a8c8077,Woodbridge Center (Roof),04cf9d63-34e9-ea11-a817-000d3a8c8077,3679287,Woodbridge Center (Canopy),Locus,3537108,KWHdel,"250 Woodbridge Center Dr, Woodbridge, NJ 07095",America/New_York,2012-10-08,24,0.5,1.0,121469.1,3918.36,108.3,3.49
11001,0ecf9d63-34e9-ea11-a817-000d3a8c8077,Danbury Fair Deck,88cd9d63-34e9-ea11-a817-000d3a8c8077,3768839,Big Y Shopping Center,Locus,3823540,KWHdel,"7 Backus Ave, Danbury, CT 06810",America/New_York,2020-01-01,31,0.5,1.0,45119.9,1455.48,58.3,1.88
11037,10cf9d63-34e9-ea11-a817-000d3a8c8077,Danbury Fair Roof,10cf9d63-34e9-ea11-a817-000d3a8c8077,39830,Danbury Fair Roof,PowerTrack,39830,KWHdel,"7 Backus Ave, Danbury, CT 06810",America/New_York,2017-07-28,4,0.6,1.0,171058.63,5518.02,176.1,5.68
11103,12cf9d63-34e9-ea11-a817-000d3a8c8077,Fresno Fashion Fair,face9d63-34e9-ea11-a817-000d3a8c8077,3588753,Valley Plaza (Roof),Locus,3846627,KWHdel,"645 East Shaw Avenue, Fresno, CA 93710",America/Los_Angeles,2020-01-24,8,0.5,1.0,52872.7,1705.57,65.7,2.12
11139,14cf9d63-34e9-ea11-a817-000d3a8c8077,Inland Center,16cf9d63-34e9-ea11-a817-000d3a8c8077,,,PowerTrack,43050,KWHdel,"500 Inland Center Dr, San Bernardino, CA 92408",America/Los_Angeles,2011-11-01,30,0.6,1.0,84370.0,2812.33,119.0,3.97
11273,18cf9d63-34e9-ea11-a817-000d3a8c8077,Lakewood Center 3,16cf9d63-34e9-ea11-a817-000d3a8c8077,,,PowerTrack,38054,KWHdel,"500 Lakewood Center Mall, Lakewood, CA 90713",America/Los_Angeles,2016-11-16,15,0.6,1.0,25070.0,835.67,114.6,3.82
11347,1acf9d63-34e9-ea11-a817-000d3a8c8077,Los Cerritos Center,14cf9d63-34e9-ea11-a817-000d3a8c8077,43050,Inland Center,PowerTrack,35401,KWHdel,"239 Los Cerritos Center, Cerritos, CA 90703",America/Los_Angeles,2014-07-29,3,0.6,1.0,154699.0,4990.29,225.5,7.27
11449,1ccf9d63-34e9-ea11-a817-000d3a8c8077,NJ - Deptford Mall (roof),8ccd9d63-34e9-ea11-a817-000d3a8c8077,3768837,Washington Center Shoppes,Locus,3770517,KWHdel,"1750 Deptford Center Rd,  Deptford Township, NJ 8096",America/New_York,2018-08-13,19,0.5,1.0,139400.0,4496.77,159.7,5.15
11502,1ecf9d63-34e9-ea11-a817-000d3a8c8077,NJ - Freehold Raceway Mall,d1cf9d63-34e9-ea11-a817-000d3a8c8077,3821985,Jersey Shore Premium Outlets,Locus,3691108,KWHdel,"3710 U.S. 9,  Freehold, NJ 7728",America/New_York,2017-10-20,12,0.5,1.0,138125.0,4455.65,107.3,3.46
11565,20cf9d63-34e9-ea11-a817-000d3a8c8077,San Tan Village,36cf9d63-34e9-ea11-a817-000d3a8c8077,3835190,CA - San Diego - Miramesa&Pacific Hts.29205,Locus,3846630,KWHdel,"2218 E Williams Field Rd Suite 235, Gilbert, AZ 85295",America/Phoenix,2020-02-04,26,0.6,1.0,69076.6,2381.95,79.9,2.76
11600,22cf9d63-34e9-ea11-a817-000d3a8c8077,The Oaks Garage,24cf9d63-34e9-ea11-a817-000d3a8c8077,33184,The Oaks Rooftop,PowerTrack,33533,KWHrec,"350 West Hillcrest Drive, Thousand Oaks, CA 91360",America/Los_Angeles,2014-12-17,15,0.6,1.0,55232.0,1781.68,101.0,3.26
11697,26cf9d63-34e9-ea11-a817-000d3a8c8077,Dartmouth Mall,ddcd9d63-34e9-ea11-a817-000d3a8c8077,3420025,MA - Brockton NEM.1547 - OLD,Locus,3631079,KWHdel,"200 N Dartmouth Mall,  Dartmouth, MA 2747",America/New_York,2017-05-17,15,0.5,1.0,91649.16,2956.42,175.3,5.65
11765,28cf9d63-34e9-ea11-a817-000d3a8c8077,Francis Scott Key Mall,2acf9d63-34e9-ea11-a817-000d3a8c8077,3672319,Valley Mall,Locus,3689285,KWHdel,"5500 Buckeystown Pike,  Frederick, MD 21703",America/New_York,2018-03-21,11,0.5,1.0,201482.45,6499.43,129.8,4.19
11823,2acf9d63-34e9-ea11-a817-000d3a8c8077,Valley Mall,28cf9d63-34e9-ea11-a817-000d3a8c8077,3689285,Francis Scott Key Mall,Locus,3672319,KWHdel,"17301 Valley Mall Rd,  Hagerstown, MD 21740",America/New_York,2018-01-31,1,0.5,1.0,108170.07,3489.36,65.4,2.11
11883,2ccf9d63-34e9-ea11-a817-000d3a8c8077,CA - Berkeley - 2nd St.22322,c9cf9d63-34e9-ea11-a817-000d3a8c8077,3830859,Gilroy Crossing,Locus,3829702,KWHdel,"1120 2nd Street,  Berkeley, CA 94710",America/Los_Angeles,2019-11-25,6,0.5,1.0,3239.3,107.98,83.2,2.77
11921,2ecf9d63-34e9-ea11-a817-000d3a8c8077,CA - Culver City - 405 Jefferson Blvd.08019,f8ce9d63-34e9-ea11-a817-000d3a8c8077,3629486,Valley Plaza (Canopy),Locus,3829639,KWHdel,"11510 Jefferson Blvd,  Culver City, CA 90230",America/Los_Angeles,2020-02-28,2,0.5,1.0,3660.2,126.21,101.8,3.51
11956,30cf9d63-34e9-ea11-a817-000d3a8c8077,CA - Irvine - Red Hill Ave.29230,b3cd9d63-34e9-ea11-a817-000d3a8c8077,3819457,CA - Sunland - Foothill Blvd.1565,Locus,3829690,KWHdel,"16700 Red Hill Ave,  Irvine, CA 92606",America/Los_Angeles,2020-02-28,2,0.5,1.0,10563.9,364.27,102.1,3.52
11991,32cf9d63-34e9-ea11-a817-000d3a8c8077,CA - Newark - Fircrest & Overlake.22329,2ccf9d63-34e9-ea11-a817-000d3a8c8077,3829702,CA - Berkeley - 2nd St.22322,Locus,3837068,KWHdel,"6800 Overlake Place,  Newark, CA 94560",America/Los_Angeles,2020-02-28,2,0.5,1.0,15042.7,518.71,94.7,3.27
12026,34cf9d63-34e9-ea11-a817-000d3a8c8077,CA - San Diego - Miramar Rd.29191,38cf9d63-34e9-ea11-a817-000d3a8c8077,3833902,CA - Spring Valley - Sweetwater Rd.27262,Locus,3829631,KWHdel,"8866 Miramar Road,  San Diego, CA 92126",America/Los_Angeles,2019-10-31,1,0.5,1.0,11131.5,359.08,142.2,4.59
12065,36cf9d63-34e9-ea11-a817-000d3a8c8077,CA - San Diego - Miramesa&Pacific Hts.29205,34cf9d63-34e9-ea11-a817-000d3a8c8077,3829631,CA - San Diego - Miramar Rd.29191,Locus,3835190,KWHdel,"9890 Pacific Heights Blvd,  San Diego, CA 92121",America/Los_Angeles,2019-10-31,1,0.5,1.0,8598.9,277.38,140.3,4.53
12104,38cf9d63-34e9-ea11-a817-000d3a8c8077,CA - Spring Valley - Sweetwater Rd.27262,dace9d63-34e9-ea11-a817-000d3a8c8077,3595990,Otay Ranch Town Center,Locus,3833902,KWHdel,"1247 Sweetwater Road,  Spring Valley, CA 91977",America/Los_Angeles,2019-10-10,22,0.5,1.0,9426.1,304.07,132.9,4.29
12143,3acf9d63-34e9-ea11-a817-000d3a8c8077,CA - Sunnyvale - E Arques Ave.25839,2ccf9d63-34e9-ea11-a817-000d3a8c8077,3829702,CA - Berkeley - 2nd St.22322,Locus,3829691,KWHdel,"875 East Arques Ave,  Sunnyvale, CA 94085",America/Los_Angeles,2020-01-16,16,0.5,1.0,5662.7,182.67,72.7,2.35
12179,3ccf9d63-34e9-ea11-a817-000d3a8c8077,CA - UTC - Miramar Rd.25731,36cf9d63-34e9-ea11-a817-000d3a8c8077,3835190,CA - San Diego - Miramesa&Pacific Hts.29205,Locus,3830272,KWHdel,"6200 Miramar Road,  San Diego, CA 92121",America/Los_Angeles,2019-11-04,27,0.5,1.0,3356.1,111.87,117.4,3.91
12217,3ecf9d63-34e9-ea11-a817-000d3a8c8077,100 New Boston,bd64dddd-8a56-eb11-a812-000d3a8bd97d,51222,960 Turnpike,PowerTrack,51989,KWHrec,"100 New Boston Dr, Canton, MA 02021",America/New_York,2020-08-01,31,0.5,1.0,174400.0,5625.81,165.7,5.35
12246,40cf9d63-34e9-ea11-a817-000d3a8c8077,Grafton I,44cf9d63-34e9-ea11-a817-000d3a8c8077,51013,Montpelier,PowerTrack,50766,KWHdel,"12980 Avon Belden Rd, Grafton, OH 44044",America/New_York,2019-12-24,8,0.5,1.0,59300.0,1912.9,47.0,1.52
12283,42cf9d63-34e9-ea11-a817-000d3a8c8077,Grafton II,44cf9d63-34e9-ea11-a817-000d3a8c8077,51013,Montpelier,PowerTrack,53850,KWHdel,"12980 Avon Belden Rd, Grafton, OH 44044",America/New_York,2019-12-24,8,0.5,1.0,171700.0,5538.71,47.0,1.52
12320,44cf9d63-34e9-ea11-a817-000d3a8c8077,Montpelier,40cf9d63-34e9-ea11-a817-000d3a8c8077,50766,Grafton I,PowerTrack,51013,KWHdel,"1508 Travis Dr, Montpelier, OH 43543",America/New_York,2020-03-04,28,0.5,1.0,319807.47,10316.37,136.45,4.4
12354,46cf9d63-34e9-ea11-a817-000d3a8c8077,Freeport,d201686b-e61b-ec11-b6e6-000d3a1dca0b,3871867,IL - Tinley Park - 159th St.1263,Locus,3841477,KWHdel,"337 S Hancock Ave,  Freeport, IL 61032",America/Chicago,2020-04-01,30,0.5,1.0,137600.0,4586.67,141.3,4.71
12387,48cf9d63-34e9-ea11-a817-000d3a8c8077,One Garret Mountain,4acf9d63-34e9-ea11-a817-000d3a8c8077,3688803,Three Garret Mountain,Locus,3690621,KWHdel,"1 Garret Mountain Plaza,  Woodland Park, NJ 07424",America/New_York,2017-12-20,12,0.5,1.0,82990.43,2677.11,34.3,1.11
12448,4acf9d63-34e9-ea11-a817-000d3a8c8077,Three Garret Mountain,48cf9d63-34e9-ea11-a817-000d3a8c8077,3690621,One Garret Mountain,Locus,3688803,KWHdel,"3 Garret Mountain Plaza,  Woodland Park, NJ 07424",America/New_York,2017-12-20,12,0.5,1.0,33807.0,1090.55,111.49,3.6
12509,4ccf9d63-34e9-ea11-a817-000d3a8c8077,Moorestown Mall,c7cf9d63-34e9-ea11-a817-000d3a8c8077,3848160,Deptford Landing,Locus,3586530,KWHdel,"400 NJ-38,  Moorestown, NJ 8057",America/New_York,2016-05-19,13,0.5,1.0,65183.84,2102.7,156.1,5.04
12589,4ecf9d63-34e9-ea11-a817-000d3a8c8077,Bethany,5ecf9d63-34e9-ea11-a817-000d3a8c8077,50717,Harville,PowerTrack,51020,KWHdel,"903 JEFFERSON ROAD, VIDALIA, GA 30474",America/New_York,2020-04-01,30,0.5,1.0,496320.0,16544.0,229.9,7.66
12622,50cf9d63-34e9-ea11-a817-000d3a8c8077,Braun Farm,56cf9d63-34e9-ea11-a817-000d3a8c8077,50944,Ethrift,PowerTrack,51049,KWHdel,"205 CIRCLE J RANCH ROAD,  HAHIRA, GA 31632",America/New_York,2020-02-28,2,0.5,1.0,393377.8,13564.75,137.31,4.73
12657,52cf9d63-34e9-ea11-a817-000d3a8c8077,Brown,5ccf9d63-34e9-ea11-a817-000d3a8c8077,51644,Green,PowerTrack,51546,KWHrec,"433 Brown Farm Rd SW, Cartersville, GA 30120",America/New_York,2020-06-11,20,0.5,1.0,603900.0,20130.0,251.2,8.37
12688,54cf9d63-34e9-ea11-a817-000d3a8c8077,Carr,50cf9d63-34e9-ea11-a817-000d3a8c8077,51049,Braun Farm,PowerTrack,50718,KWHdel,"3129.956'N 8329.921'W,  TIFTON, GA 31793",America/New_York,2020-03-11,21,0.5,1.0,548124.61,17681.44,121.49,3.92
12722,56cf9d63-34e9-ea11-a817-000d3a8c8077,Ethrift,50cf9d63-34e9-ea11-a817-000d3a8c8077,51049,Braun Farm,PowerTrack,50944,KWHdel,"3470 ALBANY AVE.,  WAYCROSS, GA 3150",America/New_York,2020-01-30,2,0.5,1.0,369776.5,11928.27,121.0,3.9
12758,58cf9d63-34e9-ea11-a817-000d3a8c8077,Eubank,5ecf9d63-34e9-ea11-a817-000d3a8c8077,50717,Harville,PowerTrack,51411,KWHrec,"3334'56.82""N 8218'58.68""W,  APPLING, GA 30802",America/New_York,2020-03-23,9,0.5,1.0,581687.4,18764.11,180.58,5.83
12792,5acf9d63-34e9-ea11-a817-000d3a8c8077,Fischette,64cf9d63-34e9-ea11-a817-000d3a8c8077,51583,Moreck,PowerTrack,51019,KWHrec,"12855 GA. HIGHWAY 99,  DARIEN, GA 31305",America/New_York,2020-03-14,18,0.5,1.0,287289.8,9267.41,145.0,4.68
12826,5ccf9d63-34e9-ea11-a817-000d3a8c8077,Green,52cf9d63-34e9-ea11-a817-000d3a8c8077,51546,Brown,PowerTrack,51644,KWHrec,"1068 Hardin Bridge Rd SW, Euharlee, GA 30145",America/New_York,2020-06-12,19,0.5,1.0,488179.49,16272.65,232.1,7.74
12857,5ecf9d63-34e9-ea11-a817-000d3a8c8077,Harville,60cf9d63-34e9-ea11-a817-000d3a8c8077,51050,Kicklighter,PowerTrack,50717,KWHdel,"11556 GA-46,  STATESBORO, GA 30458",America/New_York,2020-01-09,23,0.5,1.0,166757.66,5379.28,119.3,3.85
12893,60cf9d63-34e9-ea11-a817-000d3a8c8077,Kicklighter,5ecf9d63-34e9-ea11-a817-000d3a8c8077,50717,Harville,PowerTrack,51050,KWHdel,"7297 HWY 119,  ELLABELL, GA 31308",America/New_York,2020-03-25,7,0.5,1.0,346100.0,11164.52,188.5,6.08
12927,62cf9d63-34e9-ea11-a817-000d3a8c8077,Mitchell Decatur,50cf9d63-34e9-ea11-a817-000d3a8c8077,51049,Braun Farm,PowerTrack,51021,KWHdel,"1400 GA-97, Bainbridge, GA 39819",America/New_York,2020-06-17,14,0.5,1.0,479944.23,15998.14,229.1,7.64
12958,64cf9d63-34e9-ea11-a817-000d3a8c8077,Moreck,5acf9d63-34e9-ea11-a817-000d3a8c8077,51019,Fischette,PowerTrack,51583,KWHrec,"H4F8+R2 Jesup, Jesup, GA 31546",America/New_York,2020-03-26,6,0.5,1.0,422100.0,13616.13,175.4,5.66
12992,67cf9d63-34e9-ea11-a817-000d3a8c8077,Osborne,54cf9d63-34e9-ea11-a817-000d3a8c8077,50718,Carr,PowerTrack,51547,KWHrec,"242 Lamar Road,  Americus, GA 31709",America/New_York,2020-06-23,8,0.5,1.0,600836.66,20027.89,234.9,7.83
13023,69cf9d63-34e9-ea11-a817-000d3a8c8077,Wilson III,54cf9d63-34e9-ea11-a817-000d3a8c8077,50718,Carr,PowerTrack,51820,KWHrec,"2487 Highway 49 , North Byron, GA 31008",America/New_York,2020-04-03,28,0.5,1.0,722162.0,24072.07,221.7,7.39
13056,6bcf9d63-34e9-ea11-a817-000d3a8c8077,Woodrum,5ecf9d63-34e9-ea11-a817-000d3a8c8077,50717,Harville,PowerTrack,51018,KWHdel,"533 CECIL CASSEDY ROADSTATESBORO,  (3230'33.21""N 8149'27.92""W), GA 30461",America/New_York,2020-04-02,29,0.5,1.0,475047.0,15834.9,224.2,7.47
13089,6dcf9d63-34e9-ea11-a817-000d3a8c8077,Parker,5ecf9d63-34e9-ea11-a817-000d3a8c8077,50717,Harville,PowerTrack,51819,KWHrec,"12720 US-280, Claxton, GA 30417",America/New_York,2020-06-30,1,0.5,1.0,447254.73,14908.49,237.5,7.92
13120,6fcf9d63-34e9-ea11-a817-000d3a8c8077,Bulloch Neville Farms-1,5ecf9d63-34e9-ea11-a817-000d3a8c8077,50717,Harville,PowerTrack,52030,KWHrec,"98M8+W7, Brooklet, GA 30415",America/New_York,2020-05-22,10,0.5,1.0,697900.0,22512.9,252.2,8.14
13152,71cf9d63-34e9-ea11-a817-000d3a8c8077,Franklin Pacolet Milliken,7dcf9d63-34e9-ea11-a817-000d3a8c8077,51854,Putnam Erickson,PowerTrack,51566,KWHrec,"3863 HWY 59, Lavonia, GA 30553",America/New_York,2020-04-08,23,0.5,1.0,694297.48,23143.25,218.6,7.29
13185,73cf9d63-34e9-ea11-a817-000d3a8c8077,Greene Durham,7dcf9d63-34e9-ea11-a817-000d3a8c8077,51854,Putnam Erickson,PowerTrack,51858,KWHrec,"JWM4+5X Union Point, Greene, GA 30669",America/New_York,2020-06-12,19,0.5,1.0,734100.0,24470.0,248.1,8.27
13216,75cf9d63-34e9-ea11-a817-000d3a8c8077,Lowndes IDA,77cf9d63-34e9-ea11-a817-000d3a8c8077,51053,Lowndes Tycor Farms,PowerTrack,51195,KWHrec,"Inner Perimeter Rd, Valdosta, GA 31606",America/New_York,2020-04-02,29,0.5,1.0,353900.0,11796.67,225.3,7.51
13249,77cf9d63-34e9-ea11-a817-000d3a8c8077,Lowndes Tycor Farms,75cf9d63-34e9-ea11-a817-000d3a8c8077,51195,Lowndes IDA,PowerTrack,51053,KWHrec,"MRRM+6H Lake Park, Lowndes Park, GA 31636",America/New_York,2020-05-01,31,0.5,1.0,593100.0,19132.26,251.2,8.1
13281,79cf9d63-34e9-ea11-a817-000d3a8c8077,Meriwether Jackson,7dcf9d63-34e9-ea11-a817-000d3a8c8077,51854,Putnam Erickson,PowerTrack,51074,KWHrec,"Judson Bulloch Road, Meriwether, GA 31830",America/New_York,2020-04-08,23,0.5,1.0,695800.0,23193.33,220.9,7.36
13314,7bcf9d63-34e9-ea11-a817-000d3a8c8077,Murray Treadwell Farms,7dcf9d63-34e9-ea11-a817-000d3a8c8077,51854,Putnam Erickson,PowerTrack,51052,KWHrec,"Q59M+25, Chatsworth, GA 30705",America/New_York,2020-03-27,5,0.5,1.0,569100.0,18358.06,169.4,5.46
13348,7dcf9d63-34e9-ea11-a817-000d3a8c8077,Putnam Erickson,58cf9d63-34e9-ea11-a817-000d3a8c8077,51411,Eubank,PowerTrack,51854,KWHrec,"8J93+9F , Eatonton, GA 31024",America/New_York,2020-03-28,4,0.5,1.0,557600.0,17987.1,186.9,6.03
13382,7fcf9d63-34e9-ea11-a817-000d3a8c8077,Terrell Riles Stovall,54cf9d63-34e9-ea11-a817-000d3a8c8077,50718,Carr,PowerTrack,52029,KWHrec,"QGQV+95 , Dawson, GA 39842",America/New_York,2020-05-07,25,0.5,1.0,459700.0,14829.03,169.4,5.46
13414,81cf9d63-34e9-ea11-a817-000d3a8c8077,Troup RC50-2,79cf9d63-34e9-ea11-a817-000d3a8c8077,51074,Meriwether Jackson,PowerTrack,51194,KWHrec,"V4X4+43, Pine Mountain, GA 31822",America/New_York,2020-04-24,7,0.5,1.0,351950.0,11731.67,146.6,4.89
13447,83cf9d63-34e9-ea11-a817-000d3a8c8077,Ware Avra-1,85cf9d63-34e9-ea11-a817-000d3a8c8077,51196,Ware Avra-2,PowerTrack,51197,KWHrec,"5MMG+J8 , Waycross, GA 31503",America/New_York,2020-04-17,14,0.5,1.0,726200.0,24206.67,229.0,7.63
13480,85cf9d63-34e9-ea11-a817-000d3a8c8077,Ware Avra-2,83cf9d63-34e9-ea11-a817-000d3a8c8077,51197,Ware Avra-1,PowerTrack,51196,KWHrec,"5MMH+87, Waycross, GA 31503",America/New_York,2020-04-17,14,0.5,1.0,460100.0,15336.67,229.0,7.63
13513,87cf9d63-34e9-ea11-a817-000d3a8c8077,Wilkinson DeFore-2,7dcf9d63-34e9-ea11-a817-000d3a8c8077,51854,Putnam Erickson,PowerTrack,52031,KWHrec,"VM7Q+H5 , Gordon, GA 31031",America/New_York,2020-04-22,9,0.5,1.0,708100.0,23603.33,221.5,7.38
13546,89cf9d63-34e9-ea11-a817-000d3a8c8077,Cape Cod Region Transit Authority (CCRTA)-Building,8bcf9d63-34e9-ea11-a817-000d3a8c8077,3833872,Cape Cod Region Transit Authority (CCRTA)-Parking Canopy,Locus,3853028,KWHdel,"40 American Way,  S. Dennis, MA 02660",America/New_York,2020-07-07,25,0.5,1.0,29027.6,936.37,189.0,6.1
13576,8bcf9d63-34e9-ea11-a817-000d3a8c8077,Cape Cod Region Transit Authority (CCRTA)-Parking Canopy,a1cf9d63-34e9-ea11-a817-000d3a8c8077,3857112,Roof Lease-Costa Realty LLC,Locus,3833872,KWHdel,"215 Iyannough Rd. , Hyannis, MA 01748",America/New_York,2020-06-08,23,0.5,1.0,52888.4,1762.95,182.4,6.08
13607,8dcf9d63-34e9-ea11-a817-000d3a8c8077,MA- 15 Tech Circle,a9cf9d63-34e9-ea11-a817-000d3a8c8077,3829312,SED - Tufts University-Lewis Hall-PO,Locus,3833898,KWHdel,"15 Tech Circle , Natick, MA 01760",America/New_York,2020-04-10,21,0.5,1.0,13032.2,434.41,153.4,5.11
13640,8fcf9d63-34e9-ea11-a817-000d3a8c8077,MA- Temple Israel of Natick,8dcf9d63-34e9-ea11-a817-000d3a8c8077,3833898,MA- 15 Tech Circle,Locus,3857258,KWHdel,"145 Hartford St,  Natick, MA 01760",America/New_York,2020-05-15,17,0.5,1.0,15133.3,488.17,164.4,5.3
13672,91cf9d63-34e9-ea11-a817-000d3a8c8077,Medford-DPW Building,a9cf9d63-34e9-ea11-a817-000d3a8c8077,3829312,SED - Tufts University-Lewis Hall-PO,Locus,3831336,KWHdel,"21 James St. , Medford, MA 02155",America/New_York,2020-03-09,23,0.5,1.0,16327.9,526.71,117.6,3.79
13706,93cf9d63-34e9-ea11-a817-000d3a8c8077,Roof Lease - 2 Cirrus Drive (Ashland Apartments),95cf9d63-34e9-ea11-a817-000d3a8c8077,3833892,Roof Lease - 3 Cirrus Drive (Ashland Apartments),Locus,3834347,KWHdel,"2 Cirrus Dr. , Ashland, MA 01721",America/New_York,2020-03-28,4,0.5,1.0,5553.3,179.14,136.4,4.4
13740,95cf9d63-34e9-ea11-a817-000d3a8c8077,Roof Lease - 3 Cirrus Drive (Ashland Apartments),93cf9d63-34e9-ea11-a817-000d3a8c8077,3834347,Roof Lease - 2 Cirrus Drive (Ashland Apartments),Locus,3833892,KWHdel,"3 Cirrus Dr., Ashland, MA 01721",America/New_York,2020-01-31,1,0.5,1.0,3409.5,109.98,80.7,2.6
13776,97cf9d63-34e9-ea11-a817-000d3a8c8077,Roof Lease - 4 Cirrus Drive (Ashland Apartments),99cf9d63-34e9-ea11-a817-000d3a8c8077,3833894,Roof Lease - 6 Cirrus Drive (Ashland Apartments),Locus,3833893,KWHdel,"4 Cirrus Dr. , Ashland, MA 01721",America/New_York,2020-12-29,3,0.5,1.0,2800.7,90.35,68.2,2.2
13801,99cf9d63-34e9-ea11-a817-000d3a8c8077,Roof Lease - 6 Cirrus Drive (Ashland Apartments),97cf9d63-34e9-ea11-a817-000d3a8c8077,3833893,Roof Lease - 4 Cirrus Drive (Ashland Apartments),Locus,3833894,KWHdel,"6 Cirrus Dr., Ashland, MA 01721",America/New_York,2020-01-31,1,0.5,1.0,3430.2,110.65,81.2,2.62
13837,9bcf9d63-34e9-ea11-a817-000d3a8c8077,Roof Lease - 7 Cirrus Drive (Ashland Apartments),9dcf9d63-34e9-ea11-a817-000d3a8c8077,3833896,Roof Lease - 9 Cirrus Drive (Ashland Apartments),Locus,3833895,KWHdel,"7 Cirrus Dr. , Ashland, MA 01721",America/New_York,2020-01-31,1,0.5,1.0,3429.2,110.62,81.2,2.62
13873,9dcf9d63-34e9-ea11-a817-000d3a8c8077,Roof Lease - 9 Cirrus Drive (Ashland Apartments),9bcf9d63-34e9-ea11-a817-000d3a8c8077,3833895,Roof Lease - 7 Cirrus Drive (Ashland Apartments),Locus,3833896,KWHdel,"9 Cirrus Dr, Ashland, MA 01721",America/New_York,2020-01-31,1,0.5,1.0,5485.6,176.95,80.8,2.61
13909,9fcf9d63-34e9-ea11-a817-000d3a8c8077,Roof Lease-Bobcat Development,b5cf9d63-34e9-ea11-a817-000d3a8c8077,3829689,SED Roof Lease - PBD Events,Locus,3834348,KWHdel,"114 Long Pond Rd,  Plymouth, MA 02360",America/New_York,2020-04-22,9,0.5,1.0,25347.5,844.92,135.2,4.51
13942,a1cf9d63-34e9-ea11-a817-000d3a8c8077,Roof Lease-Costa Realty LLC,9fcf9d63-34e9-ea11-a817-000d3a8c8077,3834348,Roof Lease-Bobcat Development,Locus,3857112,KWHdel,"1125 STATE RD.,  WESPORT, MA 2790",America/New_York,2020-06-18,13,0.5,1.0,14378.5,479.28,176.2,5.87
13973,a3cf9d63-34e9-ea11-a817-000d3a8c8077,Roof Lease-Grafton-High School,bbcf9d63-34e9-ea11-a817-000d3a8c8077,3834349,Town of Holliston - Fire Department,Locus,3833897,KWHdel,"24 Providence Rd,  Grafton, MA 01519",America/New_York,2020-04-10,21,0.5,1.0,41548.0,1384.93,137.9,4.6
14006,a5cf9d63-34e9-ea11-a817-000d3a8c8077,SED - Brooke Charter High School,dbcd9d63-34e9-ea11-a817-000d3a8c8077,3799441,MA - Boston - Norwood St.8505,Locus,3829311,KWHdel,"200 American Legion Hwy,  Dorchester, MA 02124",America/New_York,2019-09-25,6,0.5,1.0,11090.0,369.67,248.5,8.28
14046,a7cf9d63-34e9-ea11-a817-000d3a8c8077,SED - Chelsea Clark Middle School - New Building,b7cf9d63-34e9-ea11-a817-000d3a8c8077,3829314,SED Winchester DPW,Locus,3829630,KWHdel,"8 Clark Avenue,  Chelsea, MA 02150",America/New_York,2020-02-11,19,0.5,1.0,2237.7,77.16,73.0,2.52
14081,a9cf9d63-34e9-ea11-a817-000d3a8c8077,SED - Tufts University-Lewis Hall-PO,91cf9d63-34e9-ea11-a817-000d3a8c8077,3831336,Medford-DPW Building,Locus,3829312,KWHdel,"75 Packard Avenue,  Medford, MA 02144",America/New_York,2020-02-25,5,0.5,1.0,3855.3,132.94,88.5,3.05
14116,abcf9d63-34e9-ea11-a817-000d3a8c8077,SED - Tufts University-Science and Engineering Center,a9cf9d63-34e9-ea11-a817-000d3a8c8077,3829312,SED - Tufts University-Lewis Hall-PO,Locus,3840168,KWHdel,"212 College Ave,  Medford, MA 02155",America/New_York,2020-06-16,15,0.5,1.0,7254.2,241.81,175.4,5.85
14147,adcf9d63-34e9-ea11-a817-000d3a8c8077,SED - Tyngsboro High School,d9cd9d63-34e9-ea11-a817-000d3a8c8077,3421704,MA - Billerica,Locus,3824689,KWHdel,"36 Norris Rd,  Tyngsborough, MA 01879",America/New_York,2019-08-14,18,0.5,1.0,44043.0,1420.74,171.5,5.53
14188,afcf9d63-34e9-ea11-a817-000d3a8c8077,SED Ferrick Bros Moving Co,e1cd9d63-34e9-ea11-a817-000d3a8c8077,3421701,MA - North Andover NEM.1554,Locus,3831335,KWHdel,"113 Hale Street,  Haverhill, MA 01830",America/New_York,2019-10-29,3,0.5,1.0,15670.3,505.49,98.7,3.18
14227,b1cf9d63-34e9-ea11-a817-000d3a8c8077,SED PPA - Malden YMCA,b7cf9d63-34e9-ea11-a817-000d3a8c8077,3829314,SED Winchester DPW,Locus,3829635,KWHdel,"99 Dartmouth St,  Malden, MA 02148",America/New_York,2020-01-22,10,0.5,1.0,6468.7,208.67,70.9,2.29
14263,b3cf9d63-34e9-ea11-a817-000d3a8c8077,SED PPA Richmond Consolidated School,adcf9d63-34e9-ea11-a817-000d3a8c8077,3824689,SED - Tyngsboro High School,Locus,3827309,KWHdel,"1831 State Rd,  Richmond, MA 01254",America/New_York,2019-08-28,4,0.5,1.0,16029.0,517.06,170.1,5.49
14304,b5cf9d63-34e9-ea11-a817-000d3a8c8077,SED Roof Lease - PBD Events,ddcd9d63-34e9-ea11-a817-000d3a8c8077,3420025,MA - Brockton NEM.1547 - OLD,Locus,3829689,KWHdel,"61 Strafello Road,  Avon, MA 02322",America/New_York,2020-02-13,17,0.5,1.0,19071.8,657.65,89.9,3.1
14339,b7cf9d63-34e9-ea11-a817-000d3a8c8077,SED Winchester DPW,b9cf9d63-34e9-ea11-a817-000d3a8c8077,3835497,SED Winchester Vinson Owen School,Locus,3829314,KWHdel,"15 Lake Street,  Winchester, MA 01890",America/New_York,2019-11-14,17,0.5,1.0,3950.5,131.68,69.2,2.31
14377,b9cf9d63-34e9-ea11-a817-000d3a8c8077,SED Winchester Vinson Owen School,b7cf9d63-34e9-ea11-a817-000d3a8c8077,3829314,SED Winchester DPW,Locus,3835497,KWHdel,"75 Johnson Road,  Winchester, MA 01890",America/New_York,2020-01-17,15,0.5,1.0,2508.42,80.92,56.4,1.82
14413,bbcf9d63-34e9-ea11-a817-000d3a8c8077,Town of Holliston - Fire Department,ae7e9558-e61b-ec11-b6e6-000d3a1dca0b,3850358,MA - Dedham - Providence Highway FIT.1586,Locus,3834349,KWHdel,"59 Central St,  Holliston, MA 01746",America/New_York,2020-02-01,29,0.5,1.0,2672.1,92.14,95.6,3.3
14448,bdcf9d63-34e9-ea11-a817-000d3a8c8077,Wachusett-Glenwood Elementary School,bbcf9d63-34e9-ea11-a817-000d3a8c8077,3834349,Town of Holliston - Fire Department,Locus,3834350,KWHdel,"65 Glenwood Road,  Rutland, MA 01543",America/New_York,2020-02-13,17,0.5,1.0,17970.5,619.67,83.0,2.86
14483,bfcf9d63-34e9-ea11-a817-000d3a8c8077,Wachusett-Naquag School,bdcf9d63-34e9-ea11-a817-000d3a8c8077,3834350,Wachusett-Glenwood Elementary School,Locus,3850339,KWHdel,"285 Main Street,  Rutland, MA 01543",America/New_York,2020-03-02,30,0.5,1.0,23772.1,766.84,120.2,3.88
14517,c1cf9d63-34e9-ea11-a817-000d3a8c8077,Winthrop Middle-High School,a7cf9d63-34e9-ea11-a817-000d3a8c8077,3829630,SED - Chelsea Clark Middle School - New Building,Locus,3834388,KWHdel,"390 Main St. , Winthrop, MA 02152",America/New_York,2020-04-01,30,0.5,1.0,26100.6,870.02,138.9,4.63
14550,c3cf9d63-34e9-ea11-a817-000d3a8c8077,SED - Salem State-Gassett Fitness Center,d4591bc0-b5fd-ea11-a815-000d3a8b659a,3850743,SED - Salem State-Marsh Hall,Locus,3849332,KWHdel,"225A Canal Street,  Salem, MA 01970",America/New_York,2020-07-01,31,0.5,1.0,15250.8,491.96,189.7,6.12
14580,c5cf9d63-34e9-ea11-a817-000d3a8c8077,Jefferson Valley Mall,25ce9d63-34e9-ea11-a817-000d3a8c8077,3431382,NY - Central Valley.8349,Locus,3822695,KWHdel,"650 LEE BLVD, YORKTOWN HEIGHTS, NY 10598",America/New_York,2019-12-07,25,1.0,1.0,35869.2,1157.07,54.6,1.76
14617,c7cf9d63-34e9-ea11-a817-000d3a8c8077,Deptford Landing,1ccf9d63-34e9-ea11-a817-000d3a8c8077,3770517,NJ - Deptford Mall (roof),Locus,3848160,KWHdel,"2000 Clements Bridge Rd, Deptford Township, NJ 8096",America/New_York,2020-05-18,14,0.5,1.0,12533.0,404.29,176.9,5.71
14649,c9cf9d63-34e9-ea11-a817-000d3a8c8077,Gilroy Crossing,b639af99-223e-eb11-a813-000d3a8b659a,3862333,Park West Place,Locus,3830859,KWHdel,"6715-6915 & 6955-6975 Camino Arroyo, Gilroy , CA 95020",,2019-12-24,8,1.0,1.0,14073.6,453.99,73.1,2.36
14686,cdcf9d63-34e9-ea11-a817-000d3a8c8077,Clinton Crossing Premium Outlets,86cd9d63-34e9-ea11-a817-000d3a8c8077,3781114,Christmas Tree Plaza,Locus,3818455,KWHdel,"20 Killingworth Turnpike,  Clinton, CT 6413",America/New_York,2019-05-28,4,0.5,1.0,25084.7,809.18,164.4,5.3
14730,cfcf9d63-34e9-ea11-a817-000d3a8c8077,Jackson Premium Outlets,1ecf9d63-34e9-ea11-a817-000d3a8c8077,3691108,NJ - Freehold Raceway Mall,Locus,3821984,KWHdel,"537 Monmouth Rd,  Jackson, NJ 8527",America/New_York,2019-07-10,22,1.0,1.0,22526.1,726.65,175.7,5.67
14772,d1cf9d63-34e9-ea11-a817-000d3a8c8077,Jersey Shore Premium Outlets,cfcf9d63-34e9-ea11-a817-000d3a8c8077,3821984,Jackson Premium Outlets,Locus,3821985,KWHdel,"1 Premium Outlet Blvd,  Tinton Falls, NJ 7753",America/New_York,2019-07-08,24,1.0,1.0,33601.4,1083.92,180.8,5.83
14814,d3cf9d63-34e9-ea11-a817-000d3a8c8077,Atlantic City,8ccd9d63-34e9-ea11-a817-000d3a8c8077,3768837,Washington Center Shoppes,Locus,3666139,KWHdel,"2014 Baltic Ave, Atlantic City, NJ 08401",America/New_York,2017-01-12,20,0.5,1.0,26022.0,839.42,68.4,2.21
14886,d5cf9d63-34e9-ea11-a817-000d3a8c8077,Deer Park,29ce9d63-34e9-ea11-a817-000d3a8c8077,3381843,NY - Hauppauge.0674,Locus,3595400,KWHdel,"152 The Arches Cir,  Deer Park, NY 11729",America/New_York,2017-01-06,26,0.5,1.0,92595.0,2986.94,64.2,2.07
14958,d7cf9d63-34e9-ea11-a817-000d3a8c8077,Rehoboth Beach,4ccf9d63-34e9-ea11-a817-000d3a8c8077,3586530,Moorestown Mall,Locus,3669861,KWHdel,"36470 Seaside Outlet Dr, Rehoboth Beach, DE 19971",America/New_York,2017-05-12,20,0.5,1.0,176856.39,5705.04,172.1,5.55
15026,d9cf9d63-34e9-ea11-a817-000d3a8c8077,Riverhead (FiT),dbcf9d63-34e9-ea11-a817-000d3a8c8077,3621460,Riverhead (NEM),Locus,3621460,KWHdel,"200 Tanger Mall Drive,  Riverhead, NY 11901",America/New_York,2017-02-17,12,0.5,1.0,102254.0,3651.93,76.9,2.75
15097,dbcf9d63-34e9-ea11-a817-000d3a8c8077,Riverhead (NEM),d9cf9d63-34e9-ea11-a817-000d3a8c8077,3621460,Riverhead (FiT),Locus,3621460,KWHdel,"200 Tanger Mall Drive,  Riverhead, NY 11901",America/New_York,2016-08-02,30,0.5,1.0,100054.0,3227.55,167.1,5.39
15174,ddcf9d63-34e9-ea11-a817-000d3a8c8077,Westbrook,b9cd9d63-34e9-ea11-a817-000d3a8c8077,3678856,CT - Groton - Gold Star Hwy.1079,Locus,3462701,KWHdel,"314 Flat Rock Pl, Westbrook, CT 06498",America/New_York,2015-07-14,18,0.5,1.0,71543.32,2307.85,191.92,6.19
15264,dfcf9d63-34e9-ea11-a817-000d3a8c8077,Cherry Creek Shopping Center - Deck,e1cf9d63-34e9-ea11-a817-000d3a8c8077,3803796,Cherry Creek Shopping Center - Roof,Locus,3803808,KWHdel,"3000 East First Avenue,  Denver, CO 80206",America/Denver,2019-04-24,7,0.5,1.0,241300.0,8043.33,143.37,4.78
15309,e1cf9d63-34e9-ea11-a817-000d3a8c8077,Cherry Creek Shopping Center - Roof,dfcf9d63-34e9-ea11-a817-000d3a8c8077,3803808,Cherry Creek Shopping Center - Deck,Locus,3803796,KWHdel,"3000 East First Avenue,  Denver, CO 80206",America/Denver,2019-04-24,7,0.5,1.0,172400.0,5746.67,137.86,4.6
15354,e3cf9d63-34e9-ea11-a817-000d3a8c8077,Short Hills Mall Phase I- Deck,0fce9d63-34e9-ea11-a817-000d3a8c8077,3431417,NJ - Union.1517,Locus,3778932,KWHdel,"1200 Morris Turnpike,  Short Hills, NJ 7078",America/New_York,2018-05-09,23,0.5,1.0,426253.12,13750.1,176.5,5.69
15410,e5cf9d63-34e9-ea11-a817-000d3a8c8077,Short Hills Mall Phase II - Roof,e3cf9d63-34e9-ea11-a817-000d3a8c8077,3778932,Short Hills Mall Phase I- Deck,Locus,3774315,KWHdel,"1200 Morris Turnpike,  Short Hills, NJ 7078",America/New_York,2019-01-22,10,1.0,1.0,16986.0,547.94,63.5,2.05
15458,e7cf9d63-34e9-ea11-a817-000d3a8c8077,Westfarms - Canopy,e9cf9d63-34e9-ea11-a817-000d3a8c8077,3822544,Westfarms - Roof,Locus,3822541,KWHdel,"1500 New Britain Ave.,  West Hartford, CT 6110",America/New_York,2020-05-19,13,1.0,1.0,280939.0,9062.55,163.7,5.28
15490,e9cf9d63-34e9-ea11-a817-000d3a8c8077,Westfarms - Roof,e7cf9d63-34e9-ea11-a817-000d3a8c8077,3822541,Westfarms - Canopy,Locus,3822544,KWHdel,"1500 New Britain Ave.,  West Hartford, CT 6110",America/New_York,2020-05-19,13,1.0,1.0,97857.0,3156.68,165.7,5.35
15522,66303ebb-35e9-ea11-a817-000d3a8c8077,NY - 333 North Bedford - CAM,a9cd9d63-34e9-ea11-a817-000d3a8c8077,3512254,NY - 50 Broadway,Locus,3511757,KWHdel,"333 N Bedford Rd,, Mount Kisco, NY 10549",America/New_York,2014-12-31,1,0.5,1.0,4641.0,149.71,58.5,1.89
15619,68303ebb-35e9-ea11-a817-000d3a8c8077,NY - 333 North Bedford - Grand Prix,a9cd9d63-34e9-ea11-a817-000d3a8c8077,3512254,NY - 50 Broadway,Locus,3511757,KWHdel,"333 N Bedford Rd,, Mount Kisco, NY 10549",America/New_York,2014-12-31,1,0.5,1.0,51399.0,1658.03,56.9,1.84
15716,6a303ebb-35e9-ea11-a817-000d3a8c8077,NY - 333 North Bedford - Photo File,a9cd9d63-34e9-ea11-a817-000d3a8c8077,3512254,NY - 50 Broadway,Locus,3511757,KWHdel,"333 N Bedford Rd,, Mount Kisco, NY 10549",America/New_York,2014-12-31,1,0.5,1.0,6940.0,223.87,57.15,1.84
15813,6c303ebb-35e9-ea11-a817-000d3a8c8077,NY - 333 North Bedford - RDI Warehouse,a9cd9d63-34e9-ea11-a817-000d3a8c8077,3512254,NY - 50 Broadway,Locus,3511757,KWHdel,"333 N Bedford Rd,, Mount Kisco, NY 10549",America/New_York,2014-12-31,1,0.5,1.0,2901.0,93.58,59.45,1.92
15910,6e303ebb-35e9-ea11-a817-000d3a8c8077,NY - 333 North Bedford - Safe Haven,a9cd9d63-34e9-ea11-a817-000d3a8c8077,3512254,NY - 50 Broadway,Locus,3511757,KWHdel,"333 N Bedford Rd,, Mount Kisco, NY 10549",America/New_York,2014-12-31,1,0.5,1.0,4841.0,156.16,58.5,1.89
16007,70303ebb-35e9-ea11-a817-000d3a8c8077,NY - 333 North Bedford - Saw Mill Sports,a9cd9d63-34e9-ea11-a817-000d3a8c8077,3512254,NY - 50 Broadway,Locus,3511757,KWHdel,"333 N Bedford Rd,, Mount Kisco, NY 10549",America/New_York,2014-12-31,1,0.5,1.0,33914.0,1094.0,93.48,3.02
16104,70105fad-36e9-ea11-a817-000d3a8c8077,NY - West Nyack,a9cd9d63-34e9-ea11-a817-000d3a8c8077,3512254,NY - 50 Broadway,Locus,3509492,KWHdel,"100 Brook Hill Dr,  West Nyack, NY 10994",America/New_York,2015-12-23,9,0.5,1.0,122960.75,3966.48,56.2,1.81
16189,df23c211-f176-eb11-a812-000d3a8e7462,31 Commercial Street,3ecf9d63-34e9-ea11-a817-000d3a8c8077,51989,100 New Boston,PowerTrack,53571,KWHrec,"31 Commercial St, Sharon, MA 02067",America/New_York,2021-02-25,4,0.5,1.0,44900.0,1603.57,90.1,3.22
16212,11a76040-4cc9-eb11-bacc-000d3a9908d8,SED - Roof Lease - Cape Gun Works,11a76040-4cc9-eb11-bacc-000d3a9908d8,3865452,SED - Roof Lease - Cape Gun Works,Locus,3865452,KWHdel,"96 Airport Road,  Hyannis, MA 2601",America/New_York,2021-05-01,31,0.5,1.0,22070.4,711.95,174.5,5.63
16232,3de3c74a-57c9-eb11-bacc-000d3a990aa6,28 Draper Lane,3de3c74a-57c9-eb11-bacc-000d3a990aa6,55522,28 Draper Lane,PowerTrack,55522,KWHrec,"28 Draper Ln,  Canton, MA 02021",America/New_York,2021-06-10,21,0.5,1.0,232338.4,7744.61,169.95,5.66
16251,f8d970f5-a3a3-eb11-b1ac-000d3a99f4b6,SED - Roof Lease - 5 Ashland Apartments,97cf9d63-34e9-ea11-a817-000d3a8c8077,3833893,Roof Lease - 4 Cirrus Drive (Ashland Apartments),Locus,3864212,KWHdel,"5 Cirrus Dr, Ashland, MA 1721",America/New_York,2021-04-19,12,0.5,1.0,17707.0,590.23,141.9,4.73
16272,ba5c0548-a6a3-eb11-b1ac-000d3a99f4b6,SED - Roof Lease - 8 Ashland Apartments,f8d970f5-a3a3-eb11-b1ac-000d3a99f4b6,3864212,SED - Roof Lease - 5 Ashland Apartments,Locus,3863939,KWHdel,"8 Cirrus Dr, Ashland, MA 1721",America/New_York,2021-04-20,11,0.5,1.0,19455.0,648.5,141.4,4.71
16293,b3caf06f-9a91-eb11-b1ac-000d3a9d40df,Carondelet High School,16cf9d63-34e9-ea11-a817-000d3a8c8077,,,PowerTrack,55831,KWHdel,"1133 Winton Drive, Concord, CA 94518",America/Los_Angeles,2021-01-13,19,0.5,1.0,36268.0,1169.94,69.4,2.24
16317,950c6146-5eb2-eb11-8236-0022481c1607,SED - Roof Lease - 1 Ashland Apartments,ba5c0548-a6a3-eb11-b1ac-000d3a99f4b6,3863939,SED - Roof Lease - 8 Ashland Apartments,Locus,3863938,KWHdel,"1 Cirrus Dr, Ashland, MA 1721",America/New_York,2021-05-05,27,0.5,1.0,26909.2,868.04,165.2,5.33
16337,381b912f-b660-eb11-a812-0022481e21b9,SED - Stoneham Arena Ice Rink,c074a34f-e860-eb11-a812-0022481e2916,3864683,SED - Woburn Goodyear School,Locus,3864189,KWHdel,"101 Montvale Ave, Stoneham, MA 2180",America/New_York,2020-11-13,18,0.5,1.0,16577.7,552.59,65.7,2.19
16363,05a17e00-705e-eb11-a812-0022481e2916,MA-WALTHAM / MOODY ST.25835,68facc32-7124-eb11-a813-000d3a8b659a,3850348,MA-WOBURN / WASHINGTON ST.25836,Locus,3888372,KWHdel,"945 Moody St,  Waltham , MA 2453",America/New_York,2020-12-25,7,0.5,1.0,4435.97,143.1,54.0,1.74
16388,ed784e78-725e-eb11-a812-0022481e2916,SED - John M Barry Boys & Girls Club,24138124-0029-eb11-a813-000d3a8bd97d,3829632,SED - GFI - 60 Solferino Street Worcester,Locus,3863940,KWHdel,"675 WATERTOWN ST.,  NEWTON MA 02460, MA 2460",America/New_York,2020-12-28,4,0.5,1.0,2865.2,92.43,57.9,1.87
16413,9b0f8750-e460-eb11-a812-0022481e2916,SED - Winchester High School PPA,b7cf9d63-34e9-ea11-a817-000d3a8c8077,3829314,SED Winchester DPW,Locus,3864188,KWHdel,"80 Skillings Road,  Winchester, MA 1890",America/New_York,2020-10-06,26,0.5,1.0,10519.2,339.33,101.6,3.28
16440,c074a34f-e860-eb11-a812-0022481e2916,SED - Woburn Goodyear School,cd8ca28d-eb60-eb11-a812-0022481e2916,3864360,SED - Woburn Hurld Wyman School,Locus,3864683,KWHdel,"41 Central Street, Woburn, MA 1801",America/New_York,2020-10-06,26,0.5,1.0,7998.4,258.01,97.8,3.15
16467,cd8ca28d-eb60-eb11-a812-0022481e2916,SED - Woburn Hurld Wyman School,c074a34f-e860-eb11-a812-0022481e2916,3864683,SED - Woburn Goodyear School,Locus,3864360,KWHdel,"39 Wyman St,  Woburn, MA 1801",America/New_York,2020-10-06,26,0.5,1.0,7656.6,246.99,105.8,3.41
16494,73936d00-ed60-eb11-a812-0022481e2916,SED Weston Field School,05a17e00-705e-eb11-a812-0022481e2916,3888372,MA-WALTHAM / MOODY ST.25835,Locus,3864195,KWHdel,"16 Alphabet Lane, Weston, MA 2493",America/New_York,2020-12-25,7,0.5,1.0,7830.0,252.58,51.6,1.66
16519,6c262094-7828-ec11-b6e5-002248252d92,Chevron Bakersfield - Bldg AB,2ca4b6de-7828-ec11-b6e5-002248252d92,60316,Chevron Bakersfield - Bldg F,PowerTrack,60315,KWHrec,"9525 Camino Media, Bakersfield, CA 93311",America/Los_Angeles,2022-02-18,11,0.5,1.0,115014.94,4107.68,122.22,4.36
16530,46854da0-7828-ec11-b6e5-002248252d92,Chevron Bakersfield - Bldg C,6c262094-7828-ec11-b6e5-002248252d92,60315,Chevron Bakersfield - Bldg AB,PowerTrack,60314,KWHrec,"9525 Camino Media, Bakersfield, CA 93311",America/Los_Angeles,2022-02-18,11,0.5,1.0,31162.31,1112.94,122.22,4.36
16541,2ca4b6de-7828-ec11-b6e5-002248252d92,Chevron Bakersfield - Bldg F,46854da0-7828-ec11-b6e5-002248252d92,60314,Chevron Bakersfield - Bldg C,PowerTrack,60316,KWHrec,"9525 Camino Media, Bakersfield, CA 93311",America/Los_Angeles,2022-02-18,11,0.5,1.0,68992.6,2464.02,122.22,4.36
16552,daf26bdc-7b28-ec11-b6e5-002248252d92,Effingham Zittrouer,2b2f9313-7c28-ec11-b6e5-002248252d92,61820,Bibb CDL,PowerTrack,61543,KWHrec,"915 Stillwell Road, Springfield, GA 31329",America/New_York,2022-06-09,22,0.5,1.0,781000.0,26033.33,235.9,7.86
16559,2b2f9313-7c28-ec11-b6e5-002248252d92,Bibb CDL,53b8254b-7c28-ec11-b6e5-002248252d92,,,PowerTrack,61820,KWHrec,"5977 Riggins Mill Rd, Macon, GA 31217",America/New_York,2022-08-04,28,0.5,1.0,491600.0,15858.06,217.2,7.01
16564,2590385e-7c28-ec11-b6e5-002248252d92,McDuffie Arrington,22ad4864-7c28-ec11-b6e5-002248252d92,61617,Oxendine,PowerTrack,61544,KWHrec,"1180 Superior Way S. W., Thomson, GA 30824",America/New_York,2022-06-10,21,0.5,1.0,481600.0,16053.33,242.5,8.08
16571,22ad4864-7c28-ec11-b6e5-002248252d92,Oxendine,d0196d76-7c28-ec11-b6e5-002248252d92,,,PowerTrack,61617,KWHrec,"1563 Highway 144, Baxley, GA 31513",America/New_York,2022-08-03,29,0.5,1.0,755300.0,24364.52,214.4,6.92
16576,6d3abfaf-380c-ec11-b6e6-002248254693,Chambersburg,2acf9d63-34e9-ea11-a817-000d3a8c8077,3672319,Valley Mall,PowerTrack,58481,KWHdel,"465 West Commerce Street, Chambersburg, PA 17201",America/New_York,2022-03-21,11,0.5,1.0,2403000.0,77516.13,152.3,4.91
16586,ae9c2656-317d-ec11-8d21-00224829f9c9,MA - Kingston - Independence Rd FIT.1084,ae7e9558-e61b-ec11-b6e6-000d3a1dca0b,3850358,MA - Dedham - Providence Highway FIT.1586,Locus,3835499,KWHdel,"5 Independence Rd,  Kingston, MA 2364",America/New_York,2021-09-10,21,0.5,1.0,54349.0,1811.63,128600.0,4286.67
16602,701f8aac-317d-ec11-8d21-00224829f9c9,MA - Ashland - Waverly St FIT.1028,d9cd9d63-34e9-ea11-a817-000d3a8c8077,3421704,MA - Billerica,Locus,3850375,KWHdel,"89 Waverly St,  Ashland, MA 1721",America/New_York,2022-02-07,22,0.5,1.0,21684.0,774.43,78.0,2.79
16613,aa0937f8-317d-ec11-8d21-00224829f9c9,NY - Brooklyn - 64th St.0727,21ce9d63-34e9-ea11-a817-000d3a8c8077,3799436,NY - Brooklyn - Atlantic Ave.1450,Locus,3820107,KWHdel,"201 64th St,  Brooklyn, NY 11220",America/New_York,2022-02-07,22,0.5,1.0,1647.0,58.82,83.5,2.98
16624,f6324e2a-327d-ec11-8d21-00224829f9c9,Shops at Suffolk Downs,701f8aac-317d-ec11-8d21-00224829f9c9,3850375,MA - Ashland - Waverly St FIT.1028,Locus,3822057,KWHdel,"40 Furlong Dr,  Revere, MA 02151",America/New_York,2022-02-07,22,0.5,1.0,10518.0,375.64,83.1,2.97
16635,4f5ca36f-327d-ec11-8d21-00224829f9c9,CA - Northridge.08515,49f869b8-c41b-ec11-b6e6-000d3a1dca0b,3892231,CA - N Hollywood - Sherman Way.29139,Locus,3864368,KWHdel,"9920 Balboa Blvd,  Northridge, CA 91325",America/Los_Angeles,2022-02-07,22,0.5,1.0,10926.0,390.21,101.5,3.62
16646,1bda30fd-327d-ec11-8d21-00224829f9c9,CA - LA - South Bay - Gardena.29208,4c1c18c9-c41b-ec11-b6e6-000d3a1dca0b,3870199,CA - LA - W Pico Blvd.29143,Locus,3888393,KWHdel,"1459 W 190th Street,  Gardena, CA 90248",America/Los_Angeles,2022-02-07,22,0.5,1.0,18764.0,670.14,101.5,3.62
16657,180bcd0c-337d-ec11-8d21-00224829f9c9,MA-WEYMOUTH / MAIN STREET.29162,05a17e00-705e-eb11-a812-0022481e2916,3888372,MA-WALTHAM / MOODY ST.25835,Locus,3857185,KWHdel,"1470 Main Street,  Weymouth , MA 2190",America/New_York,2022-02-07,22,0.5,1.0,6803.0,242.96,80.2,2.86
16668,55e80db4-c97e-ec11-8d21-00224829f9c9,PA - Philadelphia - Roosevelt Blvd.1198,41ce9d63-34e9-ea11-a817-000d3a8c8077,3793127,PA - King of Prussia - S Gulph Rd.0195,PowerTrack,,KWHdel,"12005 Roosevelt Blvd,  Philadelphia, PA 19154",America/New_York,2022-02-07,22,0.5,1.0,11672.0,416.86,81.0,2.89
16679,8d4c5701-ca7e-ec11-8d21-00224829f9c9,MD - Baltimore - Eastern Ave.1218,edcd9d63-34e9-ea11-a817-000d3a8c8077,3745582,MD - Bethesda - River Rd.0552,PowerTrack,,KWHdel,"1400 Eastern Ave,  Baltimore, MD 21231",America/New_York,2022-02-07,22,0.5,1.0,8081.0,288.61,76.8,2.74
16690,0eb733ed-5072-ec11-8943-0022482ec996,MD - Abingdon - Constant Friendship.0701,e9cd9d63-34e9-ea11-a817-000d3a8c8077,3740364,MA - Stoughton - 1940 Washington St NEM.0635,Locus,3892263,KWHdel,"410 Constant Friendship Blvd,  Abingdon, MD 21009",America/New_York,2022-02-07,22,0.5,1.0,9205.0,328.75,129.0,4.61
16701,218f0e8e-5272-ec11-8943-0022482ec996,MD - Rockville - 11850 Parklawn Dr.0380,f3cd9d63-34e9-ea11-a817-000d3a8c8077,3745581,MD - Germantown - Frederick Rd.0640,Locus,3902267,KWHdel,"11850 Parklawn Dr,  Rockville, MD 20852",America/New_York,2022-02-07,22,0.5,1.0,13504.0,482.29,183.7,6.56
16712,fcb23302-5372-ec11-8943-0022482ec996,ca900601 - Beckwith Farms 2,fcb23302-5372-ec11-8943-0022482ec996,3922225,ca900601 - Beckwith Farms 2,Locus,3922225,KWHdel,"12002 Volunteer Blvd, Mt. Juliet, TN 37122",America/Chicago,2021-11-03,28,0.5,1.0,15596.2,519.87,85.0,2.83
